nome,risco,texto_desc,texto_impacto,texto_reco,impacto,prob,cwe
Informações de usuários com covid (user-full-info IDOR),Alto,"A aplicação não faz a devida validação se um usuário tem permissão para visualizar informações de outros usuários. Dessa forma, um agente malicioso, ao alterar determinados parâmetros, inserindo valores que não os originais, é possível obter informações confidenciais e/ou sensíveis de outros usuários, o que por padrão, não deveriam ser obtidos.","Agentes maliciosos podem obter informações de outros usuários através de manipulações de parâmetros vulneráveis. Como consequência, vazamento de informações podem ocorrer. Em determinados casos é possível alterar valores e informações críticas de outros usuários que não o próprio, ocasionando em corrupção de dados da aplicação. Além de outras, dentre as quais:Exposição de informações confidenciais: Controle total de informações da conta de outros usuários.Alteração de dados: um agente malicioso pode ter privilégios para acessar seus dados e alterá-los.","Algumas das recomendações sugeridas são:Fazer a validação se um usuário tem a devida permissão para visualizar, editar/alterar e ou atualizar informações de outros usuários.Não permitir que a alteração de parâmetros impacte a aplicação ou retorne dados de outros usuários.Enviar informações confidenciais e/ou sensíveis em canais seguros de comunicação, o que inclui, entre vários aspectos a utilização de criptografia, tokens atuais e seguros para transmissão de informações, uso de captchas e sistemas de bloqueio etc.Não utilizar valores de objetos facilmente predizíeis, como valores puramente numéricos ou combinações frágeis. Utilizar, no lugar, um identificador de objeto que em cenários de ataques de dicionário/força bruta sejam de difícil adivinhação.",Alto,Alto,813
Informações de usuários com covid (user-health-info IDOR),Alto,"A aplicação não faz a devida validação se um usuário tem permissão para visualizar informações de outros usuários. Dessa forma, um agente malicioso, ao alterar determinados parâmetros, inserindo valores que não os originais, é possível obter informações confidenciais e/ou sensíveis de outros usuários, o que por padrão, não deveriam ser obtidos.","Agentes maliciosos podem obter informações de outros usuários através de manipulações de parâmetros vulneráveis. Como consequência, vazamento de informações podem ocorrer. Em determinados casos é possível alterar valores e informações críticas de outros usuários que não o próprio, ocasionando em corrupção de dados da aplicação. Além de outras, dentre as quais:Exposição de informações confidenciais: Controle total de informações da conta de outros usuários.Alteração de dados: um agente malicioso pode ter privilégios para acessar seus dados e alterá-los.","Algumas das recomendações sugeridas são:Fazer a validação se um usuário tem a devida permissão para visualizar, editar/alterar e ou atualizar informações de outros usuários.Não permitir que a alteração de parâmetros impacte a aplicação ou retorne dados de outros usuários.Enviar informações confidenciais e/ou sensíveis em canais seguros de comunicação, o que inclui, entre vários aspectos a utilização de criptografia, tokens atuais e seguros para transmissão de informações, uso de captchas e sistemas de bloqueio etc.Não utilizar valores de objetos facilmente predizíeis, como valores puramente numéricos ou combinações frágeis. Utilizar, no lugar, um identificador de objeto que em cenários de ataques de dicionário/força bruta sejam de difícil adivinhação.",Alto,Alto,813
Lista de usuários com covid (users-info IDOR),Alto,"A aplicação não faz a devida validação se um usuário tem permissão para visualizar informações de outros usuários. Dessa forma, um agente malicioso, ao alterar determinados parâmetros, inserindo valores que não os originais, é possível obter informações confidenciais e/ou sensíveis de outros usuários, o que por padrão, não deveriam ser obtidos.","Agentes maliciosos podem obter informações de outros usuários através de manipulações de parâmetros vulneráveis. Como consequência, vazamento de informações podem ocorrer. Em determinados casos é possível alterar valores e informações críticas de outros usuários que não o próprio, ocasionando em corrupção de dados da aplicação. Além de outras, dentre as quais:Exposição de informações confidenciais: Controle total de informações da conta de outros usuários.Alteração de dados: um agente malicioso pode ter privilégios para acessar seus dados e alterá-los.","Algumas das recomendações sugeridas são:Fazer a validação se um usuário tem a devida permissão para visualizar, editar/alterar e ou atualizar informações de outros usuários.Não permitir que a alteração de parâmetros impacte a aplicação ou retorne dados de outros usuários.Enviar informações confidenciais e/ou sensíveis em canais seguros de comunicação, o que inclui, entre vários aspectos a utilização de criptografia, tokens atuais e seguros para transmissão de informações, uso de captchas e sistemas de bloqueio etc.Não utilizar valores de objetos facilmente predizíeis, como valores puramente numéricos ou combinações frágeis. Utilizar, no lugar, um identificador de objeto que em cenários de ataques de dicionário/força bruta sejam de difícil adivinhação.",Alto,Alto,813
Criação de de mesa (IDOR),Alto,"A aplicação não faz a devida validação se um usuário tem permissão para visualizar informações de outros usuários. Dessa forma, um agente malicioso, ao alterar determinados parâmetros, inserindo valores que não os originais, é possível obter informações confidenciais e/ou sensíveis de outros usuários, o que por padrão, não deveriam ser obtidos.","Agentes maliciosos podem obter informações de outros usuários através de manipulações de parâmetros vulneráveis. Como consequência, vazamento de informações podem ocorrer. Em determinados casos é possível alterar valores e informações críticas de outros usuários que não o próprio, ocasionando em corrupção de dados da aplicação. Além de outras, dentre as quais:Exposição de informações confidenciais: Controle total de informações da conta de outros usuários.Alteração de dados: um agente malicioso pode ter privilégios para acessar seus dados e alterá-los.","Algumas das recomendações sugeridas são:Fazer a validação se um usuário tem a devida permissão para visualizar, editar/alterar e ou atualizar informações de outros usuários.Não permitir que a alteração de parâmetros impacte a aplicação ou retorne dados de outros usuários.Enviar informações confidenciais e/ou sensíveis em canais seguros de comunicação, o que inclui, entre vários aspectos a utilização de criptografia, tokens atuais e seguros para transmissão de informações, uso de captchas e sistemas de bloqueio etc.Não utilizar valores de objetos facilmente predizíeis, como valores puramente numéricos ou combinações frágeis. Utilizar, no lugar, um identificador de objeto que em cenários de ataques de dicionário/força bruta sejam de difícil adivinhação.",Alto,Alto,813
Criação de mesa (IDOR),Médio,"A aplicação não faz a devida validação se um usuário tem permissão para visualizar informações de outros usuários. Dessa forma, um agente malicioso, ao alterar determinados parâmetros, inserindo valores que não os originais, é possível obter informações confidenciais e/ou sensíveis de outros usuários, o que por padrão, não deveriam ser obtidos.","Agentes maliciosos podem obter informações de outros usuários através de manipulações de parâmetros vulneráveis. Como consequência, vazamento de informações podem ocorrer. Em determinados casos é possível alterar valores e informações críticas de outros usuários que não o próprio, ocasionando em corrupção de dados da aplicação. Além de outras, dentre as quais:Exposição de informações confidenciais: Controle total de informações da conta de outros usuários.Alteração de dados: um agente malicioso pode ter privilégios para acessar seus dados e alterá-los.","Algumas das recomendações sugeridas são:Fazer a validação se um usuário tem a devida permissão para visualizar, editar/alterar e ou atualizar informações de outros usuários.Não permitir que a alteração de parâmetros impacte a aplicação ou retorne dados de outros usuários.Enviar informações confidenciais e/ou sensíveis em canais seguros de comunicação, o que inclui, entre vários aspectos a utilização de criptografia, tokens atuais e seguros para transmissão de informações, uso de captchas e sistemas de bloqueio etc.Não utilizar valores de objetos facilmente predizíeis, como valores puramente numéricos ou combinações frágeis. Utilizar, no lugar, um identificador de objeto que em cenários de ataques de dicionário/força bruta sejam de difícil adivinhação.",Médio,Médio,813
Ausência de header X-XSS-Protection,Baixo,O Servidor da aplicação não retorna do cabeçalho 'X-XSS-Protection' nas respostas das requisições da aplicação.,As paginas da aplicação ficam sobre forte risco de sofrerem ataques XSS.,Configure seu servidor web para incluir um cabeçalho 'X-XSS-Protection' com um valor de '1; mode = block 'em todas as páginas.,Baixo,Baixo,693
Exposição de informações (Nome do Servidor),Baixo,A aplicação responde as requisições HTTP com o nome do servidor sendo ultilizado.,"Essa informação pode ajudar um atacante a modelar melhor sua superfice de ataque, visto que alguns ataques só funcionam em um tipo de servidor especifico.","Recomendamos ocultar o nome do servidor ou mesmo alterá-lo para algum nome que não exponha o nome do servidor verdadeiro a exemplo: ""Server: Company"".",Baixo,Baixo,693
Ausencia de header X-XSS-Protection,Baixo,O Servidor da aplicação não retorna do cabeçalho 'X-XSS-Protection' nas respostas das requisições da aplicação.,As paginas da aplicação ficam sobre forte risco de sofrerem ataques XSS.,Configure seu servidor web para incluir um cabeçalho 'X-XSS-Protection' com um valor de '1; mode = block 'em todas as páginas.,Baixo,Baixo,693
Ausencia de token Anti-CSRF,Baixo,Ausencia de Tokens Anti-CSRF,"Cross-Site Request Forgery (CSRF) é um ataque que força um usuário final a executar ações indesejadas em um aplicativo da web no qual ele está autenticado no momento. Com um pouco de ajuda de engenharia social (como enviar um link por e-mail ou chat), um invasor pode enganar os usuários de um aplicativo da web para que executem ações de escolha do invasor. Se a vítima for um usuário normal, um ataque CSRF bem-sucedido pode forçar o usuário a realizar solicitações de alteração de estado, como transferência de fundos, alteração de endereço de e-mail e assim por diante. Se a vítima for uma conta administrativa, o CSRF pode comprometer todo o aplicativo da web.","Para evitar CSRF, tokens anti-falsificação (também conhecidos como tokens de verificação de solicitação) devem ser utilizados.Esses tokens são simplesmente valores gerados aleatoriamente, incluídos em qualquer formulário / solicitação que garanta proteção. Observe que esse valor deve ser exclusivo para cada sessão individual. Isso garante que todo formulário / solicitação esteja vinculado ao usuário autenticado e, portanto, protegido de CSRF.",Baixo,Baixo,352
Referência Direta Insegura a Objetos (IDOR),Alto,"A aplicação não faz a devida validação se um usuário tem permissão para visualizar informações de outros usuários. Dessa forma, um agente malicioso, ao alterar determinados parâmetros, inserindo valores que não os originais, é possível obter informações confidenciais e/ou sensíveis de outros usuários, o que por padrão, não deveriam ser obtidos.","Agentes maliciosos podem obter informações de outros usuários através de manipulações de parâmetros vulneráveis. Como consequência, vazamento de informações podem ocorrer. Em determinados casos é possível alterar valores e informações críticas de outros usuários que não o próprio, ocasionando em corrupção de dados da aplicação. Além de outras, dentre as quais:Exposição de informações confidenciais: Controle total de informações da conta de outros usuários.Alteração de dados: um agente malicioso pode ter privilégios para acessar seus dados e alterá-los.","Algumas das recomendações sugeridas são:Fazer a validação se um usuário tem a devida permissão para visualizar, editar/alterar e ou atualizar informações de outros usuários.Não permitir que a alteração de parâmetros impacte a aplicação ou retorne dados de outros usuários.Enviar informações confidenciais e/ou sensíveis em canais seguros de comunicação, o que inclui, entre vários aspectos a utilização de criptografia, tokens atuais e seguros para transmissão de informações, uso de captchas e sistemas de bloqueio etc.Não utilizar valores de objetos facilmente predizíeis, como valores puramente numéricos ou combinações frágeis. Utilizar, no lugar, um identificador de objeto que em cenários de ataques de dicionário/força bruta sejam de difícil adivinhação.",Alto,Alto,639
Excesso de HTTP Headers,Baixo,"Durante a análise, foi observada uma resposta válida do servidor contendo um número excessivo de cabeçalhos HTTP. Essa quantidade elevada de headers expõe uma ampla gama de informações, potencialmente sensíveis, que podem auxiliar um atacante em atividades de reconhecimento.","A exposição excessiva de cabeçalhos HTTP pode revelar informações sensíveis sobre a infraestrutura, tecnologias utilizadas, versões de software, tokens ou identificadores internos. Esses dados podem ser utilizados por atacantes para realizar reconhecimento, identificar vetores de ataque e facilitar a exploração de outras vulnerabilidades no ambiente.","Reduza a exposição de informações sensíveis nos cabeçalhos HTTP retornados pelo servidor. Avalie a necessidade de cada header presente na resposta e remova os desnecessários. Além disso, implemente controles para limitar a divulgação de informações técnicas que possam auxiliar um atacante em atividades de reconhecimento.",Baixo,Baixo,209
Sequestro de cliques (Clickjacking),Baixo,"O clickjacking, também conhecido como ""UI redress attack"", é quando um agente malicioso carrega o site alvo em algum frame (como o iframe) como primeira camada de abstração CSS e ao mesmo tempo usa várias camadas opacas como segunda camada de abstração CSS sobrepondo a primeira camada, com o objetivo de criar um layout chamativo ao clique do usuário.O usuário, ao clicar em um botão ou link dessa página maliciosa, acredita estar clicando em alguma funcionalidade da camada superior de abstração CSS, quando na verdade está executando a ação da primeira camada, o que normalmente pode ser uma troca de senha, execução de alguma ação confidencial etc. Assim, o atacante está ""seqüestrando"" os cliques do usuário, que acreditava estar clicando em algo legítimo.Usando uma técnica similar, os toques de tecla também podem ser seqüestrados. Com uma combinação cuidadosamente elaborada de stylesheets, iframes e caixas de texto, um usuário pode ser levado a acreditar que está digitando a senha no campo correto, mas digitando em um iframe invisível controlado pelo agente malicioso.",É possível roubar cliques dos usuários explorando a falha de clickjacking no site. Isto é possível pois o site permite enquadrar o seu conteúdo em um iframe não gerenciado pelo próprio.,"Algumas das recomendações sugeridas são:·        Incluir no cabeçalho de resposta as diretivas CSP (Content Security Policy), que instruem o navegador a não permitir o enquadramento (via iframe) de outros domínios.·        Incluir no cabeçalho de resposta o X-Frame-Options.Código defensivo na interface do usuário para garantir que o iframe atual seja a janela de nível superior.",Baixo,Baixo,1021
Compartilhamento de Recursos de Origem Cruzada (CORS),Médio,"A aplicação aceita o acesso a recursos oriundos de qualquer fonte, incluindo origens não confiáveis. Um aspecto importante do desenvolvimento de aplicações seguras é evitar que origens não confiáveis acessam os recursos do domínio local.","É possível fazer com que domínios arbitrários e não confiáveis acessem recursos do domínio local, contornando a política do SOP. A vulnerabilidade se potencializa caso o domínio vulnerável a CORS também apresente outras vulnerabilidades, como Cross-site Scripting (XSS) e/ou Cross-site Request Forgery (CSRF).","Algumas das recomendações sugeridas são:Limitar quais são os domínios origem que podem acessar recursos via Javascript (como o uso do XHR) no domínio local.Bloquear toda e qualquer origem arbitrária de acessar recursos locais, controlando e permitindo o acesso somente a origens confiáveis que podem acessar os recursos locais.",Médio,Médio,942
Falsificação de solicitações entre sites (CSRF),Baixo,"A aplicação permite que solicitações sejam feitas a recursos privilegiados originadas de um site malicioso (terceiro agente, sendo o primeiro e segundo agentes, respectivamente, a aplicação web e o usuário legítimo).Uma vez logado no sistema, o usuário, em uma nova aba do navegador, acessa o site malicioso contendo a requisição para executar alguma ação dentro da aplicação web, como por exemplo, adicionar uma nova conta, trocar a senha, transferir dinheiro, etc. Isso obviamente, feito em segundo plano (normalmente via formulário oculto ou requisições Javascript XHR) e sem o conhecimento prévio e consentido do usuário.Este tipo de vulnerabilidade explora a confiança do servidor no navegador do usuário onde o servidor parte da premissa que as requisições são sempre iniciadas pelo usuário, quando na verdade podem ser iniciadas por outros sites e usuários.","É possível fazer com que informações de usuários autenticados sejam manipuladas por usuários não privilegiados, ocasionando o vazamento de informações e alterações de dados pessoais.Execução de ações arbitrárias na aplicação, como por exemplo, alterar o cargo de um usuário.","Algumas das recomendações sugeridas são:Adotar medidas anti-CSRF, como o uso de tokens na totalidade da aplicação ou em partes críticas, como troca de senha, troca de e-mail etc.Configurar Synchronizer Tokens (requires session state)Qualquer operação de mudança de estado requer um token aleatório seguro (por exemplo, token CSRF) para evitar ataques CSRF.Características que um token CSRF deve ter: Único por sessão de usuário; Valor aleatório grande; gerado por um gerador de números aleatórios criptograficamente seguro; O token CSRF é adicionado como um campo oculto para formulários ou dentro da URL se a operação de alteração de estado ocorrer através de um GET; O servidor rejeita a ação solicitada se o token CSRF falhar na validação.",Baixo,Baixo,352
Injeção de código Javascript refletido (Cross-site Scripting),Médio,É possível injetar código Javascript na aplicação.,"Uma vez que a aplicação seja comprometida pela vulnerabilidade de XSS, qualquer ataque voltado ao lado cliente pode ser executado, a citar: roubo de valores de cookies de sessão, redirecionamento do usuário para outras páginas de controle do agente malicioso, instalação de softwares maliciosos (malwares), etc.",Algumas das recomendações sugeridas são:Não permitir que códigos Javascript sejam enviados e executados pela aplicação.Sanatizar parâmetros Javascript e HTML enviados à aplicação.,Médio,Médio,79
Injeção no cabeçalho Host (Host Header Injection),Info,"Alterando o cabeçalho Host, é possível manipular a resposta.","Ao enviar uma requisição com o parâmetro Host alterado, é possível alterar o valor da resposta. Como impacto é possível, por exemplo, redirecionar um usuário para outro endereço, malicioso.",Algumas das recomendações sugeridas são:Não permitir que valores arbitrários sejam inseridos no cabeçalho Host e processados pela aplicação: negar ou bloquear tais requisições.,Info,Info,644
Redirecionamento aberto (Open Redirect),Alto,"A aplicação redireciona o usuário para outros endereços, que não sejam o pretendido pela própria aplicação.","É possível sobrescrever valores prévios, redirecionando o usuário para outros endereços, normalmente maliciosos.",Algumas das recomendações sugeridas são:Limitar os dados que a aplicação recebe de usuários.Sanatizar as variáveis que a aplicação recebe dos usuários para que nenhum campo ou cabeçalho seja sobrescrito.Não permitir que a aplicação redirecione usuários para destinos arbitrários.,Alto,Alto,601
Falsificação de Requisição do Lado do Servidor (SSRF),Médio,"Foi identificada uma vulnerabilidade do tipo Server-Side Request Forgery (SSRF), que permite que um atacante induza o servidor a realizar requisições HTTP/HTTPS arbitrárias. Essa falha pode ser explorada para acessar recursos internos da rede, serviços protegidos ou metadados de infraestrutura, representando riscos à segurança da aplicação e do ambiente.","A exploração de SSRF pode permitir acesso não autorizado a recursos internos, exposição de dados sensíveis e movimentação lateral dentro da infraestrutura, comprometendo a segurança da aplicação e do ambiente.","Alguma das recomendações são:Validação e sanitização de entradas: Restringir e validar rigorosamente os dados fornecidos pelo usuário, especialmente URLs e domínios.Lista de permissões (allowlist): Implementar uma lista de domínios confiáveis para requisições externas.Bloqueio de IPs internos: Impedir que o servidor acesse endereços IP internos (ex: 127.0.0.1, 169.254.169.254, 10.0.0.0/8, etc.).Timeouts e limites de resposta: Configurar timeouts curtos e limitar o tamanho das respostas para evitar abusos.",Médio,Médio,918
Sem limite de requisição (No Rate Limit),Médio,Este tipo de vulnerabilidade é frequentemente encontrada em formulários que não utilizam mecanismos de defesa contra automação de requisições enviadas para o servidor,"Sistemas que utilizam serviços de envio de email, sms ou qualquer outra ferramenta que realize a cobrança por taxa de envio esse tipo de ataque pode resultar em perda financeira para empresa e também sobrecarga dos seus serviços causando retardamento e uma possível negação de serviço causando risco de negócios.",Implementar soluções de segurança contra ferramentas automatizadas como por exemplo códigos que limitam requisições continuas em um período de tempo curto ou uso de recaptchas onde o usuário passa por um processo onde tem que selecionar figuras ou responder algum tipo de pergunta para que a requisição seja validada e enviada para o servidor dessa forma realizando o controle de requisições realizadas por ferramentas automatizadas.,Médio,Médio,799
Injeção de código Javascript armazenado (Cross-site Scripting),Médio,É possível injetar código Javascript na aplicação.,"Uma vez que a aplicação seja comprometida pela vulnerabilidade de XSS, qualquer ataque voltado ao lado cliente pode ser executado, a citar: roubo de valores de cookies de sessão, redirecionamento do usuário para outras páginas de controle do agente malicioso, instalação de softwares maliciosos (malwares), etc.",Algumas das recomendações sugeridas são:Não permitir que códigos Javascript sejam enviados e executados pela aplicação.Sanatizar parâmetros Javascript e HTML enviados à aplicação.,Médio,Médio,79
Enumeração de número de conta (IDOR),Médio,"A aplicação não faz a devida validação se um usuário tem permissão para visualizar informações de outros usuários. Dessa forma, um agente malicioso, ao alterar determinados parâmetros, inserindo valores que não os originais, é possível obter informações confidenciais e/ou sensíveis de outros usuários, o que por padrão, não deveriam ser obtidos.","Agentes maliciosos podem obter informações de outros usuários através de manipulações de parâmetros vulneráveis. Como consequência, vazamento de informações podem ocorrer. Em determinados casos é possível alterar valores e informações críticas de outros usuários que não o próprio, ocasionando em corrupção de dados da aplicação. Além de outras, dentre as quais:Exposição de informações confidenciais: Controle total de informações da conta de outros usuários.Alteração de dados: um agente malicioso pode ter privilégios para acessar seus dados e alterá-los.","Algumas das recomendações sugeridas são:Fazer a validação se um usuário tem a devida permissão para visualizar, editar/alterar e ou atualizar informações de outros usuários.Não permitir que a alteração de parâmetros impacte a aplicação ou retorne dados de outros usuários.Enviar informações confidenciais e/ou sensíveis em canais seguros de comunicação, o que inclui, entre vários aspectos a utilização de criptografia, tokens atuais e seguros para transmissão de informações, uso de captchas e sistemas de bloqueio etc.Não utilizar valores de objetos facilmente predizíeis, como valores puramente numéricos ou combinações frágeis. Utilizar, no lugar, um identificador de objeto que em cenários de ataques de dicionário/força bruta sejam de difícil adivinhação.",Médio,Médio,813
Enumeração de saldo em conta de outros usuários (IDOR),Médio,"A aplicação não faz a devida validação se um usuário tem permissão para visualizar informações de outros usuários. Dessa forma, um agente malicioso, ao alterar determinados parâmetros, inserindo valores que não os originais, é possível obter informações confidenciais e/ou sensíveis de outros usuários, o que por padrão, não deveriam ser obtidos.","Agentes maliciosos podem obter informações de outros usuários através de manipulações de parâmetros vulneráveis. Como consequência, vazamento de informações podem ocorrer. Em determinados casos é possível alterar valores e informações críticas de outros usuários que não o próprio, ocasionando em corrupção de dados da aplicação. Além de outras, dentre as quais:Exposição de informações confidenciais: Controle total de informações da conta de outros usuários.Alteração de dados: um agente malicioso pode ter privilégios para acessar seus dados e alterá-los.","Algumas das recomendações sugeridas são:Fazer a validação se um usuário tem a devida permissão para visualizar, editar/alterar e ou atualizar informações de outros usuários.Não permitir que a alteração de parâmetros impacte a aplicação ou retorne dados de outros usuários.Enviar informações confidenciais e/ou sensíveis em canais seguros de comunicação, o que inclui, entre vários aspectos a utilização de criptografia, tokens atuais e seguros para transmissão de informações, uso de captchas e sistemas de bloqueio etc.Não utilizar valores de objetos facilmente predizíeis, como valores puramente numéricos ou combinações frágeis. Utilizar, no lugar, um identificador de objeto que em cenários de ataques de dicionário/força bruta sejam de difícil adivinhação.",Médio,Médio,813
Bloqueio de conta em massa (IDOR),Médio,"A aplicação não faz a devida validação se um usuário tem permissão para visualizar informações de outros usuários. Dessa forma, um agente malicioso, ao alterar determinados parâmetros, inserindo valores que não os originais, é possível obter informações confidenciais e/ou sensíveis de outros usuários, o que por padrão, não deveriam ser obtidos.","Agentes maliciosos podem obter informações de outros usuários através de manipulações de parâmetros vulneráveis. Como consequência, vazamento de informações podem ocorrer. Em determinados casos é possível alterar valores e informações críticas de outros usuários que não o próprio, ocasionando em corrupção de dados da aplicação. Além de outras, dentre as quais:Exposição de informações confidenciais: Controle total de informações da conta de outros usuários.Alteração de dados: um agente malicioso pode ter privilégios para acessar seus dados e alterá-los.","Algumas das recomendações sugeridas são:Fazer a validação se um usuário tem a devida permissão para visualizar, editar/alterar e ou atualizar informações de outros usuários.Não permitir que a alteração de parâmetros impacte a aplicação ou retorne dados de outros usuários.Enviar informações confidenciais e/ou sensíveis em canais seguros de comunicação, o que inclui, entre vários aspectos a utilização de criptografia, tokens atuais e seguros para transmissão de informações, uso de captchas e sistemas de bloqueio etc.Não utilizar valores de objetos facilmente predizíeis, como valores puramente numéricos ou combinações frágeis. Utilizar, no lugar, um identificador de objeto que em cenários de ataques de dicionário/força bruta sejam de difícil adivinhação.",Médio,Médio,813
Termo aceite de outros usuários (IDOR),Médio,"A aplicação não faz a devida validação se um usuário tem permissão para visualizar informações de outros usuários. Dessa forma, um agente malicioso, ao alterar determinados parâmetros, inserindo valores que não os originais, é possível obter informações confidenciais e/ou sensíveis de outros usuários, o que por padrão, não deveriam ser obtidos.","Agentes maliciosos podem obter informações de outros usuários através de manipulações de parâmetros vulneráveis. Como consequência, vazamento de informações podem ocorrer. Em determinados casos é possível alterar valores e informações críticas de outros usuários que não o próprio, ocasionando em corrupção de dados da aplicação. Além de outras, dentre as quais:Exposição de informações confidenciais: Controle total de informações da conta de outros usuários.Alteração de dados: um agente malicioso pode ter privilégios para acessar seus dados e alterá-los.","Algumas das recomendações sugeridas são:Fazer a validação se um usuário tem a devida permissão para visualizar, editar/alterar e ou atualizar informações de outros usuários.Não permitir que a alteração de parâmetros impacte a aplicação ou retorne dados de outros usuários.Enviar informações confidenciais e/ou sensíveis em canais seguros de comunicação, o que inclui, entre vários aspectos a utilização de criptografia, tokens atuais e seguros para transmissão de informações, uso de captchas e sistemas de bloqueio etc.Não utilizar valores de objetos facilmente predizíeis, como valores puramente numéricos ou combinações frágeis. Utilizar, no lugar, um identificador de objeto que em cenários de ataques de dicionário/força bruta sejam de difícil adivinhação.",Médio,Médio,813
Requisições originadas do servidor (SSRF),Alto,"A vulnerabilidade identificada caracteriza-se como um Server-Side Request Forgery (SSRF), onde a aplicação realiza requisições HTTP baseadas em URLs fornecidas pelo usuário por meio do corpo da requisição enviada ao endpoint  /chatbot/whatsapp-outbound/internal/v1/message. O parâmetro url é controlado pelo client-side e, ao receber um destino válido que aceite requisições POST, a aplicação efetivamente realiza a chamada, enviando inclusive o corpo da requisição original. Essa execução ocorre no contexto do servidor da aplicação, permitindo ao atacante interagir com recursos externos arbitrários. Essa requisição é feita a partir da infraestrutura interna da aplicação, o que caracteriza o SSRF.Foi possível confirmar que a requisição é feita pelo servidor, porque o corpo completo da requisição e o ip de origem foi recebido por um webhook sob controle de uma equipe externa (fora da infraestrutura da empresa).","Acesso Não Autorizado a Recursos Internos:Um atacante pode explorar a vulnerabilidade para acessar recursos internos da rede que não deveriam ser acessíveis externamente, como bancos de dados, servidores de arquivos e outros serviços internos.Exfiltração de Dados Sensíveis:Através de requisições maliciosas, um atacante pode obter dados sensíveis armazenados em servidores internos, como informações de usuários, credenciais e outros dados confidenciais.Execução de Código Remoto:Em alguns casos, a SSRF pode ser usada como vetor para executar código remoto em servidores internos, comprometendo a segurança da aplicação e da infraestrutura.Escalonamento de Ataques:A vulnerabilidade pode ser utilizada como ponto de partida para outros tipos de ataques, como exploração de vulnerabilidades adicionais em serviços internos, escalonamento de privilégios e movimentação lateral dentro da rede.Interação com Serviços Externos:Um atacante pode interagir com serviços externos de forma maliciosa, como enviar spam, realizar ataques de negação de serviço (DoS) ou manipular serviços de terceiros.Impacto na Disponibilidade:Requisições maliciosas podem sobrecarregar servidores internos, afetando a disponibilidade da aplicação e dos serviços internos.",Validação estrita do parâmetro URL Whitelist com domínios permitidos no parâmetro URL,Alto,Alto,918
Dump de fotos de funcionários através do CPF (IDOR),Alto,"A aplicação não faz a devida validação se um usuário tem permissão para visualizar informações de outros usuários. Dessa forma, um agente malicioso, ao alterar determinados parâmetros, inserindo valores que não os originais, é possível obter informações confidenciais e/ou sensíveis de outros usuários, o que por padrão, não deveriam ser obtidos.","Agentes maliciosos podem obter informações de outros usuários através de manipulações de parâmetros vulneráveis. Como consequência, vazamento de informações podem ocorrer. Em determinados casos é possível alterar valores e informações críticas de outros usuários que não o próprio, ocasionando em corrupção de dados da aplicação. Além de outras, dentre as quais:Exposição de informações confidenciais: Controle total de informações da conta de outros usuários.Alteração de dados: um agente malicioso pode ter privilégios para acessar seus dados e alterá-los.","Algumas das recomendações sugeridas são:Fazer a validação se um usuário tem a devida permissão para visualizar, editar/alterar e ou atualizar informações de outros usuários.Não permitir que a alteração de parâmetros impacte a aplicação ou retorne dados de outros usuários.Enviar informações confidenciais e/ou sensíveis em canais seguros de comunicação, o que inclui, entre vários aspectos a utilização de criptografia, tokens atuais e seguros para transmissão de informações, uso de captchas e sistemas de bloqueio etc.Não utilizar valores de objetos facilmente predizíeis, como valores puramente numéricos ou combinações frágeis. Utilizar, no lugar, um identificador de objeto que em cenários de ataques de dicionário/força bruta sejam de difícil adivinhação.",Alto,Alto,813
Dump de dados com CPF de todos funcionários do ICARUS (IDOR),Alto,"A aplicação não faz a devida validação se um usuário tem permissão para visualizar informações de outros usuários. Dessa forma, um agente malicioso, ao alterar determinados parâmetros, inserindo valores que não os originais, é possível obter informações confidenciais e/ou sensíveis de outros usuários, o que por padrão, não deveriam ser obtidos.","Agentes maliciosos podem obter informações de outros usuários através de manipulações de parâmetros vulneráveis. Como consequência, vazamento de informações podem ocorrer. Em determinados casos é possível alterar valores e informações críticas de outros usuários que não o próprio, ocasionando em corrupção de dados da aplicação. Além de outras, dentre as quais:Exposição de informações confidenciais: Controle total de informações da conta de outros usuários.Alteração de dados: um agente malicioso pode ter privilégios para acessar seus dados e alterá-los.","Algumas das recomendações sugeridas são:Fazer a validação se um usuário tem a devida permissão para visualizar, editar/alterar e ou atualizar informações de outros usuários.Não permitir que a alteração de parâmetros impacte a aplicação ou retorne dados de outros usuários.Enviar informações confidenciais e/ou sensíveis em canais seguros de comunicação, o que inclui, entre vários aspectos a utilização de criptografia, tokens atuais e seguros para transmissão de informações, uso de captchas e sistemas de bloqueio etc.Não utilizar valores de objetos facilmente predizíeis, como valores puramente numéricos ou combinações frágeis. Utilizar, no lugar, um identificador de objeto que em cenários de ataques de dicionário/força bruta sejam de difícil adivinhação.",Alto,Alto,813
Dump de nível Hierarquico dos funcionários do ICARUS (IDOR),Alto,"A aplicação não faz a devida validação se um usuário tem permissão para visualizar informações de outros usuários. Dessa forma, um agente malicioso, ao alterar determinados parâmetros, inserindo valores que não os originais, é possível obter informações confidenciais e/ou sensíveis de outros usuários, o que por padrão, não deveriam ser obtidos.","Agentes maliciosos podem obter informações de outros usuários através de manipulações de parâmetros vulneráveis. Como consequência, vazamento de informações podem ocorrer. Em determinados casos é possível alterar valores e informações críticas de outros usuários que não o próprio, ocasionando em corrupção de dados da aplicação. Além de outras, dentre as quais:Exposição de informações confidenciais: Controle total de informações da conta de outros usuários.Alteração de dados: um agente malicioso pode ter privilégios para acessar seus dados e alterá-los.","Algumas das recomendações sugeridas são:Fazer a validação se um usuário tem a devida permissão para visualizar, editar/alterar e ou atualizar informações de outros usuários.Não permitir que a alteração de parâmetros impacte a aplicação ou retorne dados de outros usuários.Enviar informações confidenciais e/ou sensíveis em canais seguros de comunicação, o que inclui, entre vários aspectos a utilização de criptografia, tokens atuais e seguros para transmissão de informações, uso de captchas e sistemas de bloqueio etc.Não utilizar valores de objetos facilmente predizíeis, como valores puramente numéricos ou combinações frágeis. Utilizar, no lugar, um identificador de objeto que em cenários de ataques de dicionário/força bruta sejam de difícil adivinhação.",Alto,Alto,813
"Descoberta de Número de telefone, e-mail e hash de outros usuários (IDOR)",Alto,"A aplicação não faz a devida validação se um usuário tem permissão para visualizar informações de outros usuários. Dessa forma, um agente malicioso, ao alterar determinados parâmetros, inserindo valores que não os originais, é possível obter informações confidenciais e/ou sensíveis de outros usuários, o que por padrão, não deveriam ser obtidos.","Agentes maliciosos podem obter informações de outros usuários através de manipulações de parâmetros vulneráveis. Como consequência, vazamento de informações podem ocorrer. Em determinados casos é possível alterar valores e informações críticas de outros usuários que não o próprio, ocasionando em corrupção de dados da aplicação. Além de outras, dentre as quais:Exposição de informações confidenciais: Controle total de informações da conta de outros usuários.Alteração de dados: um agente malicioso pode ter privilégios para acessar seus dados e alterá-los.","Algumas das recomendações sugeridas são:Fazer a validação se um usuário tem a devida permissão para visualizar, editar/alterar e ou atualizar informações de outros usuários.Não permitir que a alteração de parâmetros impacte a aplicação ou retorne dados de outros usuários.Enviar informações confidenciais e/ou sensíveis em canais seguros de comunicação, o que inclui, entre vários aspectos a utilização de criptografia, tokens atuais e seguros para transmissão de informações, uso de captchas e sistemas de bloqueio etc.Não utilizar valores de objetos facilmente predizíeis, como valores puramente numéricos ou combinações frágeis. Utilizar, no lugar, um identificador de objeto que em cenários de ataques de dicionário/força bruta sejam de difícil adivinhação.",Alto,Alto,813
"Obtenção de Número de telefone, e-mail e hash de outros usuários (IDOR)",Alto,"A aplicação não faz a devida validação se um usuário tem permissão para visualizar informações de outros usuários. Dessa forma, um agente malicioso, ao alterar determinados parâmetros, inserindo valores que não os originais, é possível obter informações confidenciais e/ou sensíveis de outros usuários, o que por padrão, não deveriam ser obtidos.","Agentes maliciosos podem obter informações de outros usuários através de manipulações de parâmetros vulneráveis. Como consequência, vazamento de informações podem ocorrer. Em determinados casos é possível alterar valores e informações críticas de outros usuários que não o próprio, ocasionando em corrupção de dados da aplicação. Além de outras, dentre as quais:Exposição de informações confidenciais: Controle total de informações da conta de outros usuários.Alteração de dados: um agente malicioso pode ter privilégios para acessar seus dados e alterá-los.","Algumas das recomendações sugeridas são:Fazer a validação se um usuário tem a devida permissão para visualizar, editar/alterar e ou atualizar informações de outros usuários.Não permitir que a alteração de parâmetros impacte a aplicação ou retorne dados de outros usuários.Enviar informações confidenciais e/ou sensíveis em canais seguros de comunicação, o que inclui, entre vários aspectos a utilização de criptografia, tokens atuais e seguros para transmissão de informações, uso de captchas e sistemas de bloqueio etc.Não utilizar valores de objetos facilmente predizíeis, como valores puramente numéricos ou combinações frágeis. Utilizar, no lugar, um identificador de objeto que em cenários de ataques de dicionário/força bruta sejam de difícil adivinhação.",Alto,Alto,813
Path Traversal - Leitura de Arquivos Remotos,Alto,"Um ataque de passagem de caminho (também conhecido como passagem de diretório) visa acessar arquivos e diretórios armazenados fora da pasta raiz da web.Manipulando variáveis que fazem referência a arquivos com sequências ""ponto-ponto-barra (../)"" e suas variações ou usando caminhos de arquivo absolutos, pode ser possível acessar arquivos e diretórios arbitrários armazenados no sistema de arquivos, incluindo o código-fonte do aplicativo ou configuração e arquivos críticos do sistema.Deve-se observar que o acesso aos arquivos é limitado pelo controle de acesso operacional do sistema (como no caso de arquivos bloqueados ou em uso no sistema operacional Microsoft Windows).Este ataque também é conhecido como “ponto-ponto-barra”, “travessia de diretório”, “escalada de diretório” e “retrocesso”.",Um atacante pode conseguir fazer a leitura/download de um arquivo com informações sensíveis dentro do servidor.,"Todos, exceto os aplicativos da web mais simples, precisam incluir recursos locais, como imagens, temas, outros scripts e assim por diante. Sempre que um recurso ou arquivo é incluído pelo aplicativo, existe o risco de um invasor conseguir incluir um arquivo ou recurso remoto que você não autorizou.Prefira trabalhar sem intervenção do usuário ao usar chamadas do sistema de arquivosUse índices em vez de porções reais de nomes de arquivo ao modelar ou usar arquivos de idioma (ou seja, valor 5 do envio do usuário = Checoslovaco, ao invés de esperar que o usuário retorne “Checoslovaco”)Certifique-se de que o usuário não pode fornecer todas as partes do caminho - coloque-o entre o seu path codeValide a entrada do usuário aceitando apenas o bom conhecido - não higienize os dadosUse jaulas chroot e políticas de acesso ao código para restringir onde os arquivos podem ser obtidos ou salvosSe for forçado a usar a entrada do usuário para operações de arquivo, normalize a entrada antes de usar no arquivo APIs de io, como normalize ().",Alto,Alto,23
Transversal de caminho relativo (Relative Path Traversal),Baixo,"URLs relativos podem ser perigosos, pois o navegador pode não determinar o diretório correto. Se o HTML usa links CSS relativos ao caminho, pode ser suscetível a vulnerabilidades de importação de folha de estilo relativa ao caminho (PRSSI). Isso pode permitir que um invasor tire vantagem das importações de CSS com URLs relativos, sobrescrevendo seu arquivo de destino.O software usa entrada externa para construir um nome de caminho que deve estar dentro de um diretório restrito, mas não neutraliza adequadamente as sequências como "".."" que podem ser resolvidas para um local fora desse diretório.Isso permite que os invasores atravessem o sistema de arquivos para acessar arquivos ou diretórios que estão fora do diretório restrito.","Um invasor pode induzir os navegadores a importar código JavaScript ou HTML como uma folha de estilo. Foi demonstrado que isso permite vários ataques diferentes, incluindo cross-site scripting (XSS) e exfiltração de tokens CSRF.O invasor pode criar ou substituir arquivos críticos usados ​​para executar códigos, como programas ou bibliotecas.O invasor pode substituir ou criar arquivos críticos, como programas, bibliotecas ou dados importantes. Se o arquivo de destino for usado para um mecanismo de segurança, o invasor poderá contornar esse mecanismo. Por exemplo, anexar uma nova conta ao final de um arquivo de senha pode permitir que um invasor ignore a autenticação.O invasor pode ler o conteúdo de arquivos inesperados e expor dados confidenciais. Se o arquivo de destino for usado para um mecanismo de segurança, o invasor poderá contornar esse mecanismo. Por exemplo, ao ler um arquivo de senha, o invasor pode conduzir ataques de força bruta de adivinhação de senha para invadir uma conta no sistema.O invasor pode substituir, excluir ou corromper arquivos críticos inesperados, como programas, bibliotecas ou dados importantes. Isso pode impedir que o software funcione e, no caso de mecanismos de proteção, como autenticação, tem o potencial de bloquear todos os usuários do software.","Recomenda-se remover URLs relativos e usar URLs absolutos nas importações de CSS.As alternativas a seguir podem ser aplicadas para evitar vulnerabilidades PRSSI.Defina um DOCTYPE que não permite o modo Quirks, conforme explicado em https://hsivonen.fi/doctype/Definir as opções de X-Frame do cabeçalho de resposta: negarDefinir o cabeçalho de resposta X-Content-Type-Options: nosniffDefina uma tag de base HTML para especificar a URL base para todas as URLs relativas em um documento.",Baixo,Baixo,23
Evasão de token Anti-CSRF,Médio,Ausencia de Tokens Anti-CSRF,"Cross-Site Request Forgery (CSRF) é um ataque que força um usuário final a executar ações indesejadas em um aplicativo da web no qual ele está autenticado no momento. Um ataque CSRF bem-sucedido pode forçar a realizar solicitações de alteração de estado, como ataques de negação de serviço, delete massivo de dados, etc.","Para evitar CSRF, tokens anti-falsificação (também conhecidos como tokens de verificação de solicitação) devem ser utilizados.Esses tokens são simplesmente valores gerados aleatoriamente, incluídos em qualquer formulário / solicitação que garanta proteção. Observe que esse valor deve ser exclusivo para cada requisição. Isso garante que todo formulário / solicitação esteja vinculado ao usuário autenticado e, portanto, protegido de CSRF. O token também não pode ser manipulável. Caso tal cenário ocorra, a aplicação servidora deverá descartar a requisição.",Médio,Médio,352
Registro de device em CPF de outros usuários (IDOR),Alto,"A aplicação não faz a devida validação se um usuário tem permissão para visualizar informações de outros usuários. Dessa forma, um agente malicioso, ao alterar determinados parâmetros, inserindo valores que não os originais, é possível obter informações confidenciais e/ou sensíveis de outros usuários, o que por padrão, não deveriam ser obtidos.","Agentes maliciosos podem obter informações de outros usuários através de manipulações de parâmetros vulneráveis. Como consequência, vazamento de informações podem ocorrer. Em determinados casos é possível alterar valores e informações críticas de outros usuários que não o próprio, ocasionando em corrupção de dados da aplicação. Além de outras, dentre as quais:Exposição de informações confidenciais: Controle total de informações da conta de outros usuários.Alteração de dados: um agente malicioso pode ter privilégios para acessar seus dados e alterá-los.","Algumas das recomendações sugeridas são:Fazer a validação se um usuário tem a devida permissão para visualizar, editar/alterar e ou atualizar informações de outros usuários.Não permitir que a alteração de parâmetros impacte a aplicação ou retorne dados de outros usuários.Enviar informações confidenciais e/ou sensíveis em canais seguros de comunicação, o que inclui, entre vários aspectos a utilização de criptografia, tokens atuais e seguros para transmissão de informações, uso de captchas e sistemas de bloqueio etc.Não utilizar valores de objetos facilmente predizíeis, como valores puramente numéricos ou combinações frágeis. Utilizar, no lugar, um identificador de objeto que em cenários de ataques de dicionário/força bruta sejam de difícil adivinhação.",Alto,Alto,813
IDOR Criação de senhas,Alto,"A aplicação não faz a devida validação se um usuário tem permissão para visualizar informações de outros usuários. Dessa forma, um agente malicioso, ao alterar determinados parâmetros, inserindo valores que não os originais, é possível obter informações confidenciais e/ou sensíveis de outros usuários, o que por padrão, não deveriam ser obtidos.","Agentes maliciosos podem obter informações de outros usuários através de manipulações de parâmetros vulneráveis. Como consequência, vazamento de informações podem ocorrer. Em determinados casos é possível alterar valores e informações críticas de outros usuários que não o próprio, ocasionando em corrupção de dados da aplicação. Além de outras, dentre as quais:Exposição de informações confidenciais: Controle total de informações da conta de outros usuários.Alteração de dados: um agente malicioso pode ter privilégios para acessar seus dados e alterá-los.","Algumas das recomendações sugeridas são:Fazer a validação se um usuário tem a devida permissão para visualizar, editar/alterar e ou atualizar informações de outros usuários.Não permitir que a alteração de parâmetros impacte a aplicação ou retorne dados de outros usuários.Enviar informações confidenciais e/ou sensíveis em canais seguros de comunicação, o que inclui, entre vários aspectos a utilização de criptografia, tokens atuais e seguros para transmissão de informações, uso de captchas e sistemas de bloqueio etc.Não utilizar valores de objetos facilmente predizíeis, como valores puramente numéricos ou combinações frágeis. Utilizar, no lugar, um identificador de objeto que em cenários de ataques de dicionário/força bruta sejam de difícil adivinhação.",Alto,Alto,813
"IDOR dados de contatos como CPF, hash, telefone, email de outros usuários",Alto,"A aplicação não faz a devida validação se um usuário tem permissão para visualizar informações de outros usuários. Dessa forma, um agente malicioso, ao alterar determinados parâmetros, inserindo valores que não os originais, é possível obter informações confidenciais e/ou sensíveis de outros usuários, o que por padrão, não deveriam ser obtidos.","Agentes maliciosos podem obter informações de outros usuários através de manipulações de parâmetros vulneráveis. Como consequência, vazamento de informações podem ocorrer. Em determinados casos é possível alterar valores e informações críticas de outros usuários que não o próprio, ocasionando em corrupção de dados da aplicação. Além de outras, dentre as quais:Exposição de informações confidenciais: Controle total de informações da conta de outros usuários.Alteração de dados: um agente malicioso pode ter privilégios para acessar seus dados e alterá-los.","Algumas das recomendações sugeridas são:Fazer a validação se um usuário tem a devida permissão para visualizar, editar/alterar e ou atualizar informações de outros usuários.Não permitir que a alteração de parâmetros impacte a aplicação ou retorne dados de outros usuários.Enviar informações confidenciais e/ou sensíveis em canais seguros de comunicação, o que inclui, entre vários aspectos a utilização de criptografia, tokens atuais e seguros para transmissão de informações, uso de captchas e sistemas de bloqueio etc.Não utilizar valores de objetos facilmente predizíeis, como valores puramente numéricos ou combinações frágeis. Utilizar, no lugar, um identificador de objeto que em cenários de ataques de dicionário/força bruta sejam de difícil adivinhação.",Alto,Alto,813
Referência Direta Insegura a Objetos (IDOR) - Cashback - Guardar Dinheiro,Alto,"A aplicação não faz a devida validação se um usuário tem permissão para visualizar informações de outros usuários. Dessa forma, um agente malicioso, ao alterar determinados parâmetros, inserindo valores que não os originais, é possível obter informações confidenciais e/ou sensíveis de outros usuários, o que por padrão, não deveriam ser obtidos.","Agentes maliciosos podem obter informações de outros usuários através de manipulações de parâmetros vulneráveis. Como consequência, vazamento de informações podem ocorrer. Em determinados casos é possível alterar valores e informações críticas de outros usuários que não o próprio, ocasionando em corrupção de dados da aplicação. Além de outras, dentre as quais:Exposição de informações confidenciais: Controle total de informações da conta de outros usuários.Alteração de dados: um agente malicioso pode ter privilégios para acessar seus dados e alterá-los.","Algumas das recomendações sugeridas são:Fazer a validação se um usuário tem a devida permissão para visualizar, editar/alterar e ou atualizar informações de outros usuários.Não permitir que a alteração de parâmetros impacte a aplicação ou retorne dados de outros usuários.Enviar informações confidenciais e/ou sensíveis em canais seguros de comunicação, o que inclui, entre vários aspectos a utilização de criptografia, tokens atuais e seguros para transmissão de informações, uso de captchas e sistemas de bloqueio etc.Não utilizar valores de objetos facilmente predizíeis, como valores puramente numéricos ou combinações frágeis. Utilizar, no lugar, um identificador de objeto que em cenários de ataques de dicionário/força bruta sejam de difícil adivinhação.",Alto,Alto,813
Referência Direta Insegura a Objetos (IDOR) - Atacado Investimentos,Médio,"A aplicação não faz a devida validação se um usuário tem permissão para visualizar informações de outros usuários. Dessa forma, um agente malicioso, ao alterar determinados parâmetros, inserindo valores que não os originais, é possível obter informações confidenciais e/ou sensíveis de outros usuários, o que por padrão, não deveriam ser obtidos.","Agentes maliciosos podem obter informações de outros usuários através de manipulações de parâmetros vulneráveis. Como consequência, vazamento de informações podem ocorrer. Em determinados casos é possível alterar valores e informações críticas de outros usuários que não o próprio, ocasionando em corrupção de dados da aplicação. Além de outras, dentre as quais:Exposição de informações confidenciais: Controle total de informações da conta de outros usuários.Alteração de dados: um agente malicioso pode ter privilégios para acessar seus dados e alterá-los.","Algumas das recomendações sugeridas são:Fazer a validação se um usuário tem a devida permissão para visualizar, editar/alterar e ou atualizar informações de outros usuários.Não permitir que a alteração de parâmetros impacte a aplicação ou retorne dados de outros usuários.Enviar informações confidenciais e/ou sensíveis em canais seguros de comunicação, o que inclui, entre vários aspectos a utilização de criptografia, tokens atuais e seguros para transmissão de informações, uso de captchas e sistemas de bloqueio etc.Não utilizar valores de objetos facilmente predizíeis, como valores puramente numéricos ou combinações frágeis. Utilizar, no lugar, um identificador de objeto que em cenários de ataques de dicionário/força bruta sejam de difícil adivinhação.",Médio,Alto,639
Referência Direta Insegura a Objetos (IDOR) (Solicitação massiva de cancelamento),Médio,"A aplicação não valida os inputs que foram feitos massivamente, com isto é possível manipular a requisição e abrir diversas solicitações de cancelamento, podendo chegar na base inteira da aplicação.O parâmetro afetado é o ""numeroProposta"":",É possível pedir solicitação de cancelamento para todos os clientes da base de dados apenas alterando o numero da proposta.Devido a alta quantidade de requisições também é possível levar o sistema a uma queda total ou temporária da aplicação caso seja usado uma quantidade grande de threads para envio das consultas,"Algumas das recomendações sugeridas são:Fazer a validação se um usuário tem a devida permissão para visualizar, editar/alterar e ou atualizar informações de outros usuários.Não permitir que a alteração de parâmetros impacte a aplicação ou retorne dados de outros usuários.Enviar informações confidenciais e/ou sensíveis em canais seguros de comunicação, o que inclui, entre vários aspectos a utilização de criptografia, tokens atuais e seguros para transmissão de informações, uso de captchas e sistemas de bloqueio etc.Não utilizar valores de objetos facilmente predizíeis, como valores puramente numéricos ou combinações frágeis. Utilizar, no lugar, um identificador de objeto que em cenários de ataques de dicionário/força bruta sejam de difícil adivinhação.",Médio,Médio,813
Visualização do Extrato Bancário de outro usuário (IDOR),Alto,"A aplicação não faz a devida validação se um usuário tem permissão para visualizar informações de outros usuários. Dessa forma, um agente malicioso, ao alterar determinados parâmetros, inserindo valores que não os originais, é possível obter informações confidenciais e/ou sensíveis de outros usuários, o que por padrão, não deveriam ser obtidos.","Agentes maliciosos podem obter informações de outros usuários através de manipulações de parâmetros vulneráveis. Como consequência, vazamento de informações podem ocorrer. Em determinados casos é possível alterar valores e informações críticas de outros usuários que não o próprio, ocasionando em corrupção de dados da aplicação. Além de outras, dentre as quais:Exposição de informações confidenciais: Controle total de informações da conta de outros usuários.Alteração de dados: um agente malicioso pode ter privilégios para acessar seus dados e alterá-los.","Algumas das recomendações sugeridas são:Fazer a validação se um usuário tem a devida permissão para visualizar, editar/alterar e ou atualizar informações de outros usuários.Não permitir que a alteração de parâmetros impacte a aplicação ou retorne dados de outros usuários.Enviar informações confidenciais e/ou sensíveis em canais seguros de comunicação, o que inclui, entre vários aspectos a utilização de criptografia, tokens atuais e seguros para transmissão de informações, uso de captchas e sistemas de bloqueio etc.Não utilizar valores de objetos facilmente predizíeis, como valores puramente numéricos ou combinações frágeis. Utilizar, no lugar, um identificador de objeto que em cenários de ataques de dicionário/força bruta sejam de difícil adivinhação.",Alto,Alto,813
Referência Direta Insegura a Objetos (IDOR) - Alteração PIX,Alto,"A aplicação não faz a devida validação se um usuário tem permissão para visualizar informações de outros usuários. Dessa forma, um agente malicioso, ao alterar determinados parâmetros, inserindo valores que não os originais, é possível obter informações confidenciais e/ou sensíveis de outros usuários, o que por padrão, não deveriam ser obtidos.","Agentes maliciosos podem obter informações de outros usuários através de manipulações de parâmetros vulneráveis. Como consequência, vazamento de informações podem ocorrer. Em determinados casos é possível alterar valores e informações críticas de outros usuários que não o próprio, ocasionando em corrupção de dados da aplicação. Além de outras, dentre as quais:Exposição de informações confidenciais: Controle total de informações da conta de outros usuários.Alteração de dados: um agente malicioso pode ter privilégios para acessar seus dados e alterá-los.","Algumas das recomendações sugeridas são:Fazer a validação se um usuário tem a devida permissão para visualizar, editar/alterar e ou atualizar informações de outros usuários.Não permitir que a alteração de parâmetros impacte a aplicação ou retorne dados de outros usuários.Enviar informações confidenciais e/ou sensíveis em canais seguros de comunicação, o que inclui, entre vários aspectos a utilização de criptografia, tokens atuais e seguros para transmissão de informações, uso de captchas e sistemas de bloqueio etc.Não utilizar valores de objetos facilmente predizíeis, como valores puramente numéricos ou combinações frágeis. Utilizar, no lugar, um identificador de objeto que em cenários de ataques de dicionário/força bruta sejam de difícil adivinhação.",Alto,Alto,813
Referência Direta Insegura a Objetos (IDOR) - Limite Consulta,Médio,"A aplicação não faz a devida validação se um usuário tem permissão para visualizar informações de outros usuários. Dessa forma, um agente malicioso, ao alterar determinados parâmetros, inserindo valores que não os originais, é possível obter informações confidenciais e/ou sensíveis de outros usuários, o que por padrão, não deveriam ser obtidos.","Agentes maliciosos podem obter informações de outros usuários através de manipulações de parâmetros vulneráveis. Como consequência, vazamento de informações podem ocorrer. Em determinados casos é possível alterar valores e informações críticas de outros usuários que não o próprio, ocasionando em corrupção de dados da aplicação. Além de outras, dentre as quais:Exposição de informações confidenciais: Controle total de informações da conta de outros usuários.Alteração de dados: um agente malicioso pode ter privilégios para acessar seus dados e alterá-los.","Algumas das recomendações sugeridas são:Fazer a validação se um usuário tem a devida permissão para visualizar, editar/alterar e ou atualizar informações de outros usuários.Não permitir que a alteração de parâmetros impacte a aplicação ou retorne dados de outros usuários.Enviar informações confidenciais e/ou sensíveis em canais seguros de comunicação, o que inclui, entre vários aspectos a utilização de criptografia, tokens atuais e seguros para transmissão de informações, uso de captchas e sistemas de bloqueio etc.Não utilizar valores de objetos facilmente predizíeis, como valores puramente numéricos ou combinações frágeis. Utilizar, no lugar, um identificador de objeto que em cenários de ataques de dicionário/força bruta sejam de difícil adivinhação.",Médio,Médio,813
Referência Direta Insegura a Objetos (IDOR) - Limite Consulta Alteração,Médio,"A aplicação não faz a devida validação se um usuário tem permissão para visualizar informações de outros usuários. Dessa forma, um agente malicioso, ao alterar determinados parâmetros, inserindo valores que não os originais, é possível obter informações confidenciais e/ou sensíveis de outros usuários, o que por padrão, não deveriam ser obtidos.","Agentes maliciosos podem obter informações de outros usuários através de manipulações de parâmetros vulneráveis. Como consequência, vazamento de informações podem ocorrer. Em determinados casos é possível alterar valores e informações críticas de outros usuários que não o próprio, ocasionando em corrupção de dados da aplicação. Além de outras, dentre as quais:Exposição de informações confidenciais: Controle total de informações da conta de outros usuários.Alteração de dados: um agente malicioso pode ter privilégios para acessar seus dados e alterá-los.","Algumas das recomendações sugeridas são:Fazer a validação se um usuário tem a devida permissão para visualizar, editar/alterar e ou atualizar informações de outros usuários.Não permitir que a alteração de parâmetros impacte a aplicação ou retorne dados de outros usuários.Enviar informações confidenciais e/ou sensíveis em canais seguros de comunicação, o que inclui, entre vários aspectos a utilização de criptografia, tokens atuais e seguros para transmissão de informações, uso de captchas e sistemas de bloqueio etc.Não utilizar valores de objetos facilmente predizíeis, como valores puramente numéricos ou combinações frágeis. Utilizar, no lugar, um identificador de objeto que em cenários de ataques de dicionário/força bruta sejam de difícil adivinhação.",Médio,Médio,813
AWS Subdomain Takeover (S3 Takeover),Info,"O apontamento presente na URL, que direciona para um storage no bucket S3 da AWS, está inativo. Desta forma, é possível que um atacante cadastre este bucket com o mesmo nome, tomando para si um domínio válido da organização.",Um atacante pode utilizar este subdomínio para efetuar ataques de engenharia social dentro do ambiente da organização ou visando seus funcionários. Também é possível que páginas que possuam alguma dependência com o bucket S3 carregue funcionalidades maliciosas em uma página interna.,"O apontamento presente na URL, que direciona para um storage no bucket S3 da AWS, está inativo. Desta forma, é possível que um atacante cadastre este bucket com o mesmo nome, tomando para si um domínio válido da organização.",Info,Info,
Referência Direta Insegura a Objetos (IDOR) - Onboarding Listar,Alto,"A aplicação não faz a devida validação se um usuário tem permissão para visualizar informações de outros usuários. Dessa forma, um agente malicioso, ao alterar determinados parâmetros, inserindo valores que não os originais, é possível obter informações confidenciais e/ou sensíveis de outros usuários, o que por padrão, não deveriam ser obtidos.","Agentes maliciosos podem obter informações de outros usuários através de manipulações de parâmetros vulneráveis. Como consequência, vazamento de informações podem ocorrer. Em determinados casos é possível alterar valores e informações críticas de outros usuários que não o próprio, ocasionando em corrupção de dados da aplicação. Além de outras, dentre as quais:Exposição de informações confidenciais: Controle total de informações da conta de outros usuários.Alteração de dados: um agente malicioso pode ter privilégios para acessar seus dados e alterá-los.","Algumas das recomendações sugeridas são:Fazer a validação se um usuário tem a devida permissão para visualizar, editar/alterar e ou atualizar informações de outros usuários.Não permitir que a alteração de parâmetros impacte a aplicação ou retorne dados de outros usuários.Enviar informações confidenciais e/ou sensíveis em canais seguros de comunicação, o que inclui, entre vários aspectos a utilização de criptografia, tokens atuais e seguros para transmissão de informações, uso de captchas e sistemas de bloqueio etc.Não utilizar valores de objetos facilmente predizíeis, como valores puramente numéricos ou combinações frágeis. Utilizar, no lugar, um identificador de objeto que em cenários de ataques de dicionário/força bruta sejam de difícil adivinhação.",Alto,Alto,813
Referência Direta Insegura a Objetos (IDOR) - Onboarding Consultar,Alto,"A aplicação não faz a devida validação se um usuário tem permissão para visualizar informações de outros usuários. Dessa forma, um agente malicioso, ao alterar determinados parâmetros, inserindo valores que não os originais, é possível obter informações confidenciais e/ou sensíveis de outros usuários, o que por padrão, não deveriam ser obtidos.","Agentes maliciosos podem obter informações de outros usuários através de manipulações de parâmetros vulneráveis. Como consequência, vazamento de informações podem ocorrer. Em determinados casos é possível alterar valores e informações críticas de outros usuários que não o próprio, ocasionando em corrupção de dados da aplicação. Além de outras, dentre as quais:Exposição de informações confidenciais: Controle total de informações da conta de outros usuários.Alteração de dados: um agente malicioso pode ter privilégios para acessar seus dados e alterá-los.","Algumas das recomendações sugeridas são:Fazer a validação se um usuário tem a devida permissão para visualizar, editar/alterar e ou atualizar informações de outros usuários.Não permitir que a alteração de parâmetros impacte a aplicação ou retorne dados de outros usuários.Enviar informações confidenciais e/ou sensíveis em canais seguros de comunicação, o que inclui, entre vários aspectos a utilização de criptografia, tokens atuais e seguros para transmissão de informações, uso de captchas e sistemas de bloqueio etc.Não utilizar valores de objetos facilmente predizíeis, como valores puramente numéricos ou combinações frágeis. Utilizar, no lugar, um identificador de objeto que em cenários de ataques de dicionário/força bruta sejam de difícil adivinhação.",Alto,Alto,813
Política permissiva de CORS,Baixo,A aplicação tem políticas permissivas em relação ao CORS,Envio de requisições para a aplicação oriundas de fontes não confiáveis,Restringir quais são as origens que podem enviar requisições para a aplicação,Baixo,Baixo,942
Servidor de Logs e Documentos sensíveis sem autenticação,Baixo,A aplicação exibe logs e documentos sensíveis sem necessitar de autenticação.,A aplicação exibe logs e documentos sensíveis sem necessitar de autenticação.,"Segregação da rede interna, implementar autenticação de usuário na aplicação, criptografia e segregação de documentos por nível de usuário.",Baixo,Baixo,285
Certificados digitais encontrados em servidor,Médio,"Foi encontrado no servidor com ip 10.40.180.202, um link para download de certificados Root CA e CA enterprise. O servidor não solicitava nenhum tipo de autenticação e os certificados em questão estavam válidos com expiração em 2037.","Foi encontrado no servidor com ip 10.40.180.202, um link para download de certificados Root CA e CA enterprise. O servidor não solicitava nenhum tipo de autenticação e os certificados em questão estavam válidos com expiração em 2037.","Verificar a necessidade de certificados expostos para download internamente, e caso exista a necessidade implementar algum tipo de autenticação além de restringir o acesso a grupos específicos (que realmente precisem dessa informação).",Médio,Médio,200
Referência Direta Insegura a Objetos (IDOR) - Onboarding Router,Alto,"A aplicação não faz a devida validação se um usuário tem permissão para visualizar informações de outros usuários. Dessa forma, um agente malicioso, ao alterar determinados parâmetros, inserindo valores que não os originais, é possível obter informações confidenciais e/ou sensíveis de outros usuários, o que por padrão, não deveriam ser obtidos.","Agentes maliciosos podem obter informações de outros usuários através de manipulações de parâmetros vulneráveis. Como consequência, vazamento de informações podem ocorrer. Em determinados casos é possível alterar valores e informações críticas de outros usuários que não o próprio, ocasionando em corrupção de dados da aplicação. Além de outras, dentre as quais:Exposição de informações confidenciais: Controle total de informações da conta de outros usuários.Alteração de dados: um agente malicioso pode ter privilégios para acessar seus dados e alterá-los.","Algumas das recomendações sugeridas são:Fazer a validação se um usuário tem a devida permissão para visualizar, editar/alterar e ou atualizar informações de outros usuários.Não permitir que a alteração de parâmetros impacte a aplicação ou retorne dados de outros usuários.Enviar informações confidenciais e/ou sensíveis em canais seguros de comunicação, o que inclui, entre vários aspectos a utilização de criptografia, tokens atuais e seguros para transmissão de informações, uso de captchas e sistemas de bloqueio etc.Não utilizar valores de objetos facilmente predizíeis, como valores puramente numéricos ou combinações frágeis. Utilizar, no lugar, um identificador de objeto que em cenários de ataques de dicionário/força bruta sejam de difícil adivinhação.",Alto,Alto,639
Sem limite de requisição (RATE LIMIT),Médio,Este tipo de vulnerabilidade é frequentemente encontrada em formulários que não utilizam mecanismos de defesa contra automação de requisições enviadas para o servidor,"Se um rate limit não for adequadamente implementado ou se houver uma falha de configuração, um atacante pode explorar esta vulnerabilidade para tentar realizar ataques de força bruta ou ataques de exaustão de recursos, enviando um grande número de solicitações GET em um curto período de tempo. Isso pode levar a uma negação de serviço ou sobrecarga do servidor.",Implementar soluções de segurança contra ferramentas automatizadas como por exemplo códigos que limitam requisições continuas em um período de tempo curto ou uso de recaptchas onde o usuário passa por um processo onde tem que selecionar figuras ou responder algum tipo de pergunta para que a requisição seja validada e enviada para o servidor dessa forma realizando o controle de requisições realizadas por ferramentas automatizadas.,Médio,Médio,799
Referência Direta Insegura a Objetos (IDOR) - Cliente Digital,Alto,"A aplicação não faz a devida validação se um usuário tem permissão para visualizar informações de outros usuários. Dessa forma, um agente malicioso, ao alterar determinados parâmetros, inserindo valores que não os originais, é possível obter informações confidenciais e/ou sensíveis de outros usuários, o que por padrão, não deveriam ser obtidos.","Agentes maliciosos podem obter informações de outros usuários através de manipulações de parâmetros vulneráveis. Como consequência, vazamento de informações podem ocorrer. Em determinados casos é possível alterar valores e informações críticas de outros usuários que não o próprio, ocasionando em corrupção de dados da aplicação. Além de outras, dentre as quais:Exposição de informações confidenciais: Controle total de informações da conta de outros usuários.Alteração de dados: um agente malicioso pode ter privilégios para acessar seus dados e alterá-los.","Algumas das recomendações sugeridas são:Fazer a validação se um usuário tem a devida permissão para visualizar, editar/alterar e ou atualizar informações de outros usuários.Não permitir que a alteração de parâmetros impacte a aplicação ou retorne dados de outros usuários.Enviar informações confidenciais e/ou sensíveis em canais seguros de comunicação, o que inclui, entre vários aspectos a utilização de criptografia, tokens atuais e seguros para transmissão de informações, uso de captchas e sistemas de bloqueio etc.Não utilizar valores de objetos facilmente predizíeis, como valores puramente numéricos ou combinações frágeis. Utilizar, no lugar, um identificador de objeto que em cenários de ataques de dicionário/força bruta sejam de difícil adivinhação.",Alto,Alto,813
Referência Direta Insegura a Objetos (IDOR) - Reembolso Listar,Médio,"A aplicação não faz a devida validação se um usuário tem permissão para visualizar informações de outros usuários. Dessa forma, um agente malicioso, ao alterar determinados parâmetros, inserindo valores que não os originais, é possível obter informações confidenciais e/ou sensíveis de outros usuários, o que por padrão, não deveriam ser obtidos.","Agentes maliciosos podem obter informações de outros usuários através de manipulações de parâmetros vulneráveis. Como consequência, vazamento de informações podem ocorrer. Em determinados casos é possível alterar valores e informações críticas de outros usuários que não o próprio, ocasionando em corrupção de dados da aplicação. Além de outras, dentre as quais:Exposição de informações confidenciais: Controle total de informações da conta de outros usuários.Alteração de dados: um agente malicioso pode ter privilégios para acessar seus dados e alterá-los.","Algumas das recomendações sugeridas são:Fazer a validação se um usuário tem a devida permissão para visualizar, editar/alterar e ou atualizar informações de outros usuários.Não permitir que a alteração de parâmetros impacte a aplicação ou retorne dados de outros usuários.Enviar informações confidenciais e/ou sensíveis em canais seguros de comunicação, o que inclui, entre vários aspectos a utilização de criptografia, tokens atuais e seguros para transmissão de informações, uso de captchas e sistemas de bloqueio etc.Não utilizar valores de objetos facilmente predizíeis, como valores puramente numéricos ou combinações frágeis. Utilizar, no lugar, um identificador de objeto que em cenários de ataques de dicionário/força bruta sejam de difícil adivinhação.",Médio,Alto,813
Referência Direta Insegura a Objetos (IDOR) - Valida Cliente,Alto,"A aplicação não faz a devida validação se um usuário tem permissão para visualizar informações de outros usuários. Dessa forma, um agente malicioso, ao alterar determinados parâmetros, inserindo valores que não os originais, é possível obter informações confidenciais e/ou sensíveis de outros usuários, o que por padrão, não deveriam ser obtidos.","Agentes maliciosos podem obter informações de outros usuários através de manipulações de parâmetros vulneráveis. Como consequência, vazamento de informações podem ocorrer. Em determinados casos é possível alterar valores e informações críticas de outros usuários que não o próprio, ocasionando em corrupção de dados da aplicação. Além de outras, dentre as quais:Exposição de informações confidenciais: Controle total de informações da conta de outros usuários.Alteração de dados: um agente malicioso pode ter privilégios para acessar seus dados e alterá-los.","Algumas das recomendações sugeridas são:Fazer a validação se um usuário tem a devida permissão para visualizar, editar/alterar e ou atualizar informações de outros usuários.Não permitir que a alteração de parâmetros impacte a aplicação ou retorne dados de outros usuários.Enviar informações confidenciais e/ou sensíveis em canais seguros de comunicação, o que inclui, entre vários aspectos a utilização de criptografia, tokens atuais e seguros para transmissão de informações, uso de captchas e sistemas de bloqueio etc.Não utilizar valores de objetos facilmente predizíeis, como valores puramente numéricos ou combinações frágeis. Utilizar, no lugar, um identificador de objeto que em cenários de ataques de dicionário/força bruta sejam de difícil adivinhação.",Alto,Alto,813
Referência Direta Insegura a Objetos (IDOR) - Obter Contato,Médio,"A aplicação não faz a devida validação se um usuário tem permissão para visualizar informações de outros usuários. Dessa forma, um agente malicioso, ao alterar determinados parâmetros, inserindo valores que não os originais, é possível obter informações confidenciais e/ou sensíveis de outros usuários, o que por padrão, não deveriam ser obtidos.","Agentes maliciosos podem obter informações de outros usuários através de manipulações de parâmetros vulneráveis. Como consequência, vazamento de informações podem ocorrer. Em determinados casos é possível alterar valores e informações críticas de outros usuários que não o próprio, ocasionando em corrupção de dados da aplicação. Além de outras, dentre as quais:Exposição de informações confidenciais: Controle total de informações da conta de outros usuários.Alteração de dados: um agente malicioso pode ter privilégios para acessar seus dados e alterá-los.","Algumas das recomendações sugeridas são:Fazer a validação se um usuário tem a devida permissão para visualizar, editar/alterar e ou atualizar informações de outros usuários.Não permitir que a alteração de parâmetros impacte a aplicação ou retorne dados de outros usuários.Enviar informações confidenciais e/ou sensíveis em canais seguros de comunicação, o que inclui, entre vários aspectos a utilização de criptografia, tokens atuais e seguros para transmissão de informações, uso de captchas e sistemas de bloqueio etc.Não utilizar valores de objetos facilmente predizíeis, como valores puramente numéricos ou combinações frágeis. Utilizar, no lugar, um identificador de objeto que em cenários de ataques de dicionário/força bruta sejam de difícil adivinhação.",Médio,Alto,813
(IDOR) Acesso a Célula de Crédito de clientes,Baixo,"É possível acessar dados de Credito Bancário de outros clientes do banco.Para acessar basta alterar na URL o numero de crédito após o parâmetro /cedulaCreditoBancario/Com a alteração do parâmetro com a utilização de uma ferramenta proxy, é possível consultar todos os clientes de forma massiva sem bloqueios ou limite de requisição","Agentes maliciosos podem obter informações de outros usuários através de manipulações de parâmetros vulneráveis. Como consequência, vazamento de informações podem ocorrer. Em determinados casos é possível alterar valores e informações críticas de outros usuários que não o próprio, ocasionando em corrupção de dados da aplicação. Além de outras, dentre as quais:Exposição de informações confidenciais: Controle total de informações da conta de outros usuários.Alteração de dados: um agente malicioso pode ter privilégios para acessar seus dados e alterá-los.","Segue algumas recomendações necessárias, veja qual a correção faz mais sentido para a funcionalidade da aplicação e utilize como correção:Fazer a validação se um usuário tem a devida permissão para visualizar, editar/alterar e ou atualizar informações de outros usuários.Não permitir que a alteração de parâmetros impacte a aplicação ou retorne dados de outros usuários.Enviar informações confidenciais e/ou sensíveis em canais seguros de comunicação, o que inclui, entre vários aspectos a utilização de criptografia, tokens atuais e seguros para transmissão de informações, uso de captchas e sistemas de bloqueio etc.Não utilizar valores de objetos facilmente predizíeis, como valores puramente numéricos ou combinações frágeis. Utilizar, no lugar, um identificador de objeto que em cenários de ataques de dicionário/força bruta sejam de difícil adivinhação.",Baixo,Baixo,813
(IDOR) - Consulta massiva de propostas,Baixo,"É possível consultar todas as propostas da aplicação de forma massiva, a aplicação não faz uso de nenhum controle de requisição o que facilita a coleta dos dados de todas as propostas.A alteração foi feita por meio de ferramenta de proxy no parâmetro numeroProposta=","Agentes maliciosos podem obter informações de outros usuários através de manipulações de parâmetros vulneráveis. Como consequência, vazamento de informações podem ocorrer. Em determinados casos é possível alterar valores e informações críticas de outros usuários que não o próprio, ocasionando em corrupção de dados da aplicação. Além de outras, dentre as quais:Exposição de informações confidenciais: Controle total de informações da conta de outros usuários.Alteração de dados: um agente malicioso pode ter privilégios para acessar seus dados e alterá-los.","Segue abaixo algumas recomendações:Fazer a validação se um usuário tem a devida permissão para visualizar, editar/alterar e ou atualizar informações de outros usuários.Não permitir que a alteração de parâmetros impacte a aplicação ou retorne dados de outros usuários.Enviar informações confidenciais e/ou sensíveis em canais seguros de comunicação, o que inclui, entre vários aspectos a utilização de criptografia, tokens atuais e seguros para transmissão de informações, uso de captchas e sistemas de bloqueio etc.Não utilizar valores de objetos facilmente predizíeis, como valores puramente numéricos ou combinações frágeis. Utilizar, no lugar, um identificador de objeto que em cenários de ataques de dicionário/força bruta sejam de difícil adivinhação.",Baixo,Baixo,813
(IDOR) - Informações de Leads consulta massiva,Médio,"Alterando o parâmetro codParceiroComercial: é possível obter de forma massiva dados importantes de todos os clientes da base como CPF, email, nome completo, telefone, data de nascimento e doutros dados complementares do cliente.A aplicação não faz nenhum uso de controle das requisições o que facilita na coleta de toda base de dados.","Agentes maliciosos podem obter informações de outros usuários através de manipulações de parâmetros vulneráveis. Como consequência, vazamento de informações podem ocorrer. Em determinados casos é possível alterar valores e informações críticas de outros usuários que não o próprio, ocasionando em corrupção de dados da aplicação. Além de outras, dentre as quais:Exposição de informações confidenciais: Controle total de informações da conta de outros usuários.Alteração de dados: um agente malicioso pode ter privilégios para acessar seus dados e alterá-los.","Algumas das recomendações sugeridas são:Fazer a validação se um usuário tem a devida permissão para visualizar, editar/alterar e ou atualizar informações de outros usuários.Não permitir que a alteração de parâmetros impacte a aplicação ou retorne dados de outros usuários.Enviar informações confidenciais e/ou sensíveis em canais seguros de comunicação, o que inclui, entre vários aspectos a utilização de criptografia, tokens atuais e seguros para transmissão de informações, uso de captchas e sistemas de bloqueio etc.Não utilizar valores de objetos facilmente predizíeis, como valores puramente numéricos ou combinações frágeis. Utilizar, no lugar, um identificador de objeto que em cenários de ataques de dicionário/força bruta sejam de difícil adivinhação.",Médio,Médio,813
Referência Direta Insegura a Objetos (IDOR) - Pre Aprovado Consultar,Médio,"A aplicação não faz a devida validação se um usuário tem permissão para visualizar informações de outros usuários. Dessa forma, um agente malicioso, ao alterar determinados parâmetros, inserindo valores que não os originais, é possível obter informações confidenciais e/ou sensíveis de outros usuários, o que por padrão, não deveriam ser obtidos.","Agentes maliciosos podem obter informações de outros usuários através de manipulações de parâmetros vulneráveis. Como consequência, vazamento de informações podem ocorrer. Em determinados casos é possível alterar valores e informações críticas de outros usuários que não o próprio, ocasionando em corrupção de dados da aplicação. Além de outras, dentre as quais:Exposição de informações confidenciais: Controle total de informações da conta de outros usuários.Alteração de dados: um agente malicioso pode ter privilégios para acessar seus dados e alterá-los.","Algumas das recomendações sugeridas são:Fazer a validação se um usuário tem a devida permissão para visualizar, editar/alterar e ou atualizar informações de outros usuários.Não permitir que a alteração de parâmetros impacte a aplicação ou retorne dados de outros usuários.Enviar informações confidenciais e/ou sensíveis em canais seguros de comunicação, o que inclui, entre vários aspectos a utilização de criptografia, tokens atuais e seguros para transmissão de informações, uso de captchas e sistemas de bloqueio etc.Não utilizar valores de objetos facilmente predizíeis, como valores puramente numéricos ou combinações frágeis. Utilizar, no lugar, um identificador de objeto que em cenários de ataques de dicionário/força bruta sejam de difícil adivinhação.",Alto,Médio,813
Neutralização imprópria de entrada durante a geração da página da web ('Cross-site Scripting'),Baixo,O plugin não valida e escapa algumas de suas opções de bloqueio antes de enviá-las de volta em uma página/postagem onde outros usuários acessam,"Isso pode permitir que usuários com a função de ""contributor"" e acima executem ataques XSS Based Stored.",Atualizar a tecnologia para a versão mais recente ou pelo menos para 8.14.1,Baixo,Baixo,
Referência Direta Insegura a Objetos (IDOR) -  Pre Login,Médio,"A aplicação não faz a devida validação se um usuário tem permissão para visualizar informações de outros usuários. Dessa forma, um agente malicioso, ao alterar determinados parâmetros, inserindo valores que não os originais, é possível obter informações confidenciais e/ou sensíveis de outros usuários, o que por padrão, não deveriam ser obtidos.","Agentes maliciosos podem obter informações de outros usuários através de manipulações de parâmetros vulneráveis. Como consequência, vazamento de informações podem ocorrer. Em determinados casos é possível alterar valores e informações críticas de outros usuários que não o próprio, ocasionando em corrupção de dados da aplicação. Além de outras, dentre as quais:Exposição de informações confidenciais: Controle total de informações da conta de outros usuários.Alteração de dados: um agente malicioso pode ter privilégios para acessar seus dados e alterá-los.","Algumas das recomendações sugeridas são:Fazer a validação se um usuário tem a devida permissão para visualizar, editar/alterar e ou atualizar informações de outros usuários.Não permitir que a alteração de parâmetros impacte a aplicação ou retorne dados de outros usuários.Enviar informações confidenciais e/ou sensíveis em canais seguros de comunicação, o que inclui, entre vários aspectos a utilização de criptografia, tokens atuais e seguros para transmissão de informações, uso de captchas e sistemas de bloqueio etc.Não utilizar valores de objetos facilmente predizíeis, como valores puramente numéricos ou combinações frágeis. Utilizar, no lugar, um identificador de objeto que em cenários de ataques de dicionário/força bruta sejam de difícil adivinhação.",Alto,Alto,813
Ausência de controle de segurança anti-ataques de injeção de código X-XSS-Protection,Baixo,O Servidor da aplicação não retorna do cabeçalho 'X-XSS-Protection' nas respostas das requisições da aplicação.,As paginas da aplicação ficam sobre forte risco de sofrerem ataques XSS.,Configure seu servidor web para incluir um cabeçalho 'X-XSS-Protection' com um valor de '1; mode = block 'em todas as páginas.,Baixo,Baixo,693
Bibliotecas afetadas por Injeção de código Javascript refletido (Cross-site Scripting),Médio,"Utilizando a metodologia SAST, foi possível identificar bibliotecas vulneráveis a ejeção de código.As bibliotecas vulneráveis são:ang-acom-base-cadastro-parceiroang-acom-base-pre-aprovadoMódulos:JS files within veracode-artifact.zipJS files within veracode-artifact.zip","Uma vez que a aplicação seja comprometida pela vulnerabilidade de XSS, qualquer ataque voltado ao lado cliente pode ser executado, a citar: roubo de valores de cookies de sessão, redirecionamento do usuário para outras páginas de controle do agente malicioso, instalação de softwares maliciosos (malwares), etc.","Algumas das recomendações sugeridas são:Não permitir que códigos Javascript sejam enviados e executados pela aplicação.Sanatizar parâmetros Javascript e HTML enviados à aplicação.Remover os módulos vulneráveis ou atualizarUtilizar bibliotecas Anti-Xss como exemplo o Java Encoder, html PurifferImplementar o Content-Security-Policy e X-XSS-Protection",Médio,Alto,79
Bibliotecas vulneráveis a Path Traversal/Directory Transversal - Leitura de Arquivos Remotos,Alto,"Utilizando a metodologia SAST, foi encontrado bibliotecas vulneráveis a Directory Traversal / Path Transversal.As bibliotecas vulneráveis são:ng-acom-cdsg-simulacao-solarjavabatch-apfv-base-dados-gerenciaisMódulos:JS files within veracode-artifact.zipcorp-framework-commons-persistence.jarUm ataque de passagem de caminho (também conhecido como passagem de diretório) visa acessar arquivos e diretórios armazenados fora da pasta raiz da web.Manipulando variáveis que fazem referência a arquivos com sequências ""ponto-ponto-barra (../)"" e suas variações ou usando caminhos de arquivo absolutos, pode ser possível acessar arquivos e diretórios arbitrários armazenados no sistema de arquivos, incluindo o código-fonte do aplicativo ou configuração e arquivos críticos do sistema.Deve-se observar que o acesso aos arquivos é limitado pelo controle de acesso operacional do sistema (como no caso de arquivos bloqueados ou em uso no sistema operacional Microsoft Windows).Este ataque também é conhecido como “ponto-ponto-barra”, “travessia de diretório”, “escalada de diretório” e “retrocesso”.",Um atacante pode conseguir fazer a leitura/download de um arquivo com informações sensíveis dentro do servidor.,"Todos, exceto os aplicativos da web mais simples, precisam incluir recursos locais, como imagens, temas, outros scripts e assim por diante. Sempre que um recurso ou arquivo é incluído pelo aplicativo, existe o risco de um invasor conseguir incluir um arquivo ou recurso remoto que você não autorizou.Prefira trabalhar sem intervenção do usuário ao usar chamadas do sistema de arquivosAtualizar os Módulos vulneráveis ou desativa-losUse índices em vez de porções reais de nomes de arquivo ao modelar ou usar arquivos de idioma (ou seja, valor 5 do envio do usuário = Checoslovaco, ao invés de esperar que o usuário retorne “Checoslovaco”)Certifique-se de que o usuário não pode fornecer todas as partes do caminho - coloque-o entre o seu path codeValide a entrada do usuário aceitando apenas o bom conhecido - não higienize os dadosUse jaulas chroot e políticas de acesso ao código para restringir onde os arquivos podem ser obtidos ou salvosSe for forçado a usar a entrada do usuário para operações de arquivo, normalize a entrada antes de usar no arquivo APIs de io, como normalize ().",Alto,Alto,23
Bibliotecas vulneráveis a Requisições originadas do servidor (SSRF),Alto,"Foi encontrado uma vulnerabilidade de SSRF em diversas bibliotecas da aplicação ACOM APVF , soucorp, através da metodologia SAST Em um ataque SSRF típico, o invasor pode fazer com que o servidor estabeleça uma conexão apenas com serviços internos dentro da infraestrutura da organização. Em outros casos, eles podem forçar o servidor a se conectar a sistemas externos arbitrários, potencialmente vazando dados confidenciais, como credenciais de autorização.Bibliotecas vulneráveis:mobiand-apfv-base-soucorp  java-acom-base-caapi-dominios   java-acom-base-caapi-proposta   java-acom-base-comercial-contratacao   java-acom-base-caapi-simulacao   java-acom-base-caapi-dashboard   springboot-acom-base-cadstr-prcro-bff Módulos Vulneráveisapp-debug.apk  java-acom-base-caapi-dominios-ear-2023.0712.1026-SNAPSHOT.ear  java-acom-base-caapi-proposta-ear-2023.0904.0934-SNAPSHOT.ear   java-acom-base-comercial-contratacao-ear-2022.0920.0648-SNAPSHOT.ear  java-acom-base-caapi-simulacao-ear-2023.0830.0538-SNAPSHOT.ear java-acom-base-caapi-dashboard-ear-2023.0901.1218-SNAPSHOT.ear  springboot-acom-base-cadstr-prcro-bff-2020.0508.0607-SNAPSHOT.jar","É possível acessar recursos internos por intermédio de requisições originadas do próprio servidor, ao invés de serem oriundas dos usuários. Assim, recursos internos protegidos apenas internamente são acessíveis a qualquer pessoa.","Algumas das recomendações sugeridas são:Não permitir que a aplicação envie requisições para fontes externas.Limitar os dados que a aplicação recebe de usuários, não realizando consultas a fontes externas.Atualizar as bibliotecas ou desativar as mesmas",Alto,Alto,918
Bibliotecas vulneráveis a Redirecionamento aberto (Open Redirect),Médio,"Foi encontrado uma biblioteca vulnerável a redirecionamento aberto através da metodologia SASTA aplicação redireciona o usuário para outros endereços, que não sejam o pretendido pela própria aplicação, podendo levar a outros tipos de ataques como SSRF","É possível sobrescrever valores prévios, redirecionando o usuário para outros endereços, normalmente maliciosos.Pode-se escalar o ataque para outras vulnerabilidades como SSRF e até conseguir acesso total ao sistema",Algumas das recomendações sugeridas são:Limitar os dados que a aplicação recebe de usuários.Sanatizar as variáveis que a aplicação recebe dos usuários para que nenhum campo ou cabeçalho seja sobrescrito.Não permitir que a aplicação redirecione usuários para destinos arbitrários.Atualizar ou desabilitar o módulo vulnerável,Médio,Médio,601
Referência Direta Insegura a Objetos (IDOR) - Trava na antecipação de parcela atrasada (120 dias),Médio,"A aplicação não faz a devida validação se um usuário tem permissão para visualizar informações de outros usuários. Dessa forma, um agente malicioso, ao alterar determinados parâmetros, inserindo valores que não os originais, é possível obter informações confidenciais e/ou sensíveis de outros usuários, o que por padrão, não deveriam ser obtidos.","Agentes maliciosos podem obter informações de outros usuários através de manipulações de parâmetros vulneráveis. Como consequência, vazamento de informações podem ocorrer. Em determinados casos é possível alterar valores e informações críticas de outros usuários que não o próprio, ocasionando em corrupção de dados da aplicação. Além de outras, dentre as quais:Exposição de informações confidenciais: Controle total de informações da conta de outros usuários.Alteração de dados: um agente malicioso pode ter privilégios para acessar seus dados e alterá-los.","Algumas das recomendações sugeridas são:Fazer a validação se um usuário tem a devida permissão para visualizar, editar/alterar e ou atualizar informações de outros usuários.Não permitir que a alteração de parâmetros impacte a aplicação ou retorne dados de outros usuários.Enviar informações confidenciais e/ou sensíveis em canais seguros de comunicação, o que inclui, entre vários aspectos a utilização de criptografia, tokens atuais e seguros para transmissão de informações, uso de captchas e sistemas de bloqueio etc.Não utilizar valores de objetos facilmente predizíeis, como valores puramente numéricos ou combinações frágeis. Utilizar, no lugar, um identificador de objeto que em cenários de ataques de dicionário/força bruta sejam de difícil adivinhação.",Alto,Alto,813
Referência Direta Insegura a Objetos (IDOR) - Analise Credito,Médio,"A aplicação não faz a devida validação se um usuário tem permissão para visualizar informações de outros usuários. Dessa forma, um agente malicioso, ao alterar determinados parâmetros, inserindo valores que não os originais, é possível obter informações confidenciais e/ou sensíveis de outros usuários, o que por padrão, não deveriam ser obtidos.","Agentes maliciosos podem obter informações de outros usuários através de manipulações de parâmetros vulneráveis. Como consequência, vazamento de informações podem ocorrer. Em determinados casos é possível alterar valores e informações críticas de outros usuários que não o próprio, ocasionando em corrupção de dados da aplicação. Além de outras, dentre as quais:Exposição de informações confidenciais: Controle total de informações da conta de outros usuários.Alteração de dados: um agente malicioso pode ter privilégios para acessar seus dados e alterá-los.","Algumas das recomendações sugeridas são:Fazer a validação se um usuário tem a devida permissão para visualizar, editar/alterar e ou atualizar informações de outros usuários.Não permitir que a alteração de parâmetros impacte a aplicação ou retorne dados de outros usuários.Enviar informações confidenciais e/ou sensíveis em canais seguros de comunicação, o que inclui, entre vários aspectos a utilização de criptografia, tokens atuais e seguros para transmissão de informações, uso de captchas e sistemas de bloqueio etc.Não utilizar valores de objetos facilmente predizíeis, como valores puramente numéricos ou combinações frágeis. Utilizar, no lugar, um identificador de objeto que em cenários de ataques de dicionário/força bruta sejam de difícil adivinhação.",Alto,Alto,813
Referência Direta Insegura a Objetos (IDOR) - Onboarding Dados Cadastrais,Médio,"A aplicação não faz a devida validação se um usuário tem permissão para visualizar informações de outros usuários. Dessa forma, um agente malicioso, ao alterar determinados parâmetros, inserindo valores que não os originais, é possível obter informações confidenciais e/ou sensíveis de outros usuários, o que por padrão, não deveriam ser obtidos.","Agentes maliciosos podem obter informações de outros usuários através de manipulações de parâmetros vulneráveis. Como consequência, vazamento de informações podem ocorrer. Em determinados casos é possível alterar valores e informações críticas de outros usuários que não o próprio, ocasionando em corrupção de dados da aplicação. Além de outras, dentre as quais:Exposição de informações confidenciais: Controle total de informações da conta de outros usuários.Alteração de dados: um agente malicioso pode ter privilégios para acessar seus dados e alterá-los.","Algumas das recomendações sugeridas são:Fazer a validação se um usuário tem a devida permissão para visualizar, editar/alterar e ou atualizar informações de outros usuários.Não permitir que a alteração de parâmetros impacte a aplicação ou retorne dados de outros usuários.Enviar informações confidenciais e/ou sensíveis em canais seguros de comunicação, o que inclui, entre vários aspectos a utilização de criptografia, tokens atuais e seguros para transmissão de informações, uso de captchas e sistemas de bloqueio etc.Não utilizar valores de objetos facilmente predizíeis, como valores puramente numéricos ou combinações frágeis. Utilizar, no lugar, um identificador de objeto que em cenários de ataques de dicionário/força bruta sejam de difícil adivinhação.",Alto,Alto,813
Broken Object Level Authorization (BOLA),Médio,APIs tendem a expor endpoints para manipulação de objetos internos criando uma ampla camada de ataque ao controle de nível de acesso. O controle de autorização deve ser verificado em toda função que tenha acesso à fontes de dados que utilizem dados enviados pelo usuário.,"O acesso não autorizado pode resultar no vazamento de dados à partes não autorizadas, perda ou manipulação de dados.",Implementar mecanismo apropriado de autorização de acesso baseado em políticas e hierarquias.Utilizar uma autorização para verificar se o usuário pode acessar e executar ações nos registros em todas as funções que utilizam input do usuário para acessar dados.Preferir utilizar valores randômicos como GUIs para IDs de registros.,Médio,Médio,284
Sequestro de cliques (Clickjacking) - Bankly,Alto,"O clickjacking, também conhecido como ""UI redress attack"", é quando um agente malicioso carrega o site alvo em algum frame (como o iframe) como primeira camada de abstração CSS e ao mesmo tempo usa várias camadas opacas como segunda camada de abstração CSS sobrepondo a primeira camada, com o objetivo de criar um layout chamativo ao clique do usuário.O usuário, ao clicar em um botão ou link dessa página maliciosa, acredita estar clicando em alguma funcionalidade da camada superior de abstração CSS, quando na verdade está executando a ação da primeira camada, o que normalmente pode ser uma troca de senha, execução de alguma ação confidencial etc. Assim, o atacante está ""seqüestrando"" os cliques do usuário, que acreditava estar clicando em algo legítimo.Usando uma técnica similar, os toques de tecla também podem ser seqüestrados. Com uma combinação cuidadosamente elaborada de stylesheets, iframes e caixas de texto, um usuário pode ser levado a acreditar que está digitando a senha no campo correto, mas digitando em um iframe invisível controlado pelo agente malicioso.",É possível roubar cliques dos usuários explorando a falha de clickjacking no site. Isto é possível pois o site permite enquadrar o seu conteúdo em um iframe não gerenciado pelo próprio.,"Algumas das recomendações sugeridas são:·        Incluir no cabeçalho de resposta as diretivas CSP (Content Security Policy), que instruem o navegador a não permitir o enquadramento (via iframe) de outros domínios.·        Incluir no cabeçalho de resposta o X-Frame-Options.Código defensivo na interface do usuário para garantir que o iframe atual seja a janela de nível superior.",Alto,Alto,1021
Sequestro de cliques (Clickjacking) - ServiceDesk Bankly,Alto,"O clickjacking, também conhecido como ""UI redress attack"", é quando um agente malicioso carrega o site alvo em algum frame (como o iframe) como primeira camada de abstração CSS e ao mesmo tempo usa várias camadas opacas como segunda camada de abstração CSS sobrepondo a primeira camada, com o objetivo de criar um layout chamativo ao clique do usuário.O usuário, ao clicar em um botão ou link dessa página maliciosa, acredita estar clicando em alguma funcionalidade da camada superior de abstração CSS, quando na verdade está executando a ação da primeira camada, o que normalmente pode ser uma troca de senha, execução de alguma ação confidencial etc. Assim, o atacante está ""seqüestrando"" os cliques do usuário, que acreditava estar clicando em algo legítimo.Usando uma técnica similar, os toques de tecla também podem ser seqüestrados. Com uma combinação cuidadosamente elaborada de stylesheets, iframes e caixas de texto, um usuário pode ser levado a acreditar que está digitando a senha no campo correto, mas digitando em um iframe invisível controlado pelo agente malicioso.",É possível roubar cliques dos usuários explorando a falha de clickjacking no site. Isto é possível pois o site permite enquadrar o seu conteúdo em um iframe não gerenciado pelo próprio.,"Algumas das recomendações sugeridas são:·        Incluir no cabeçalho de resposta as diretivas CSP (Content Security Policy), que instruem o navegador a não permitir o enquadramento (via iframe) de outros domínios.·        Incluir no cabeçalho de resposta o X-Frame-Options.Código defensivo na interface do usuário para garantir que o iframe atual seja a janela de nível superior.",Alto,Alto,1021
Sequestro de cliques (Clickjacking) - OpenFinance Bankly,Alto,"O clickjacking, também conhecido como ""UI redress attack"", é quando um agente malicioso carrega o site alvo em algum frame (como o iframe) como primeira camada de abstração CSS e ao mesmo tempo usa várias camadas opacas como segunda camada de abstração CSS sobrepondo a primeira camada, com o objetivo de criar um layout chamativo ao clique do usuário.O usuário, ao clicar em um botão ou link dessa página maliciosa, acredita estar clicando em alguma funcionalidade da camada superior de abstração CSS, quando na verdade está executando a ação da primeira camada, o que normalmente pode ser uma troca de senha, execução de alguma ação confidencial etc. Assim, o atacante está ""seqüestrando"" os cliques do usuário, que acreditava estar clicando em algo legítimo.Usando uma técnica similar, os toques de tecla também podem ser seqüestrados. Com uma combinação cuidadosamente elaborada de stylesheets, iframes e caixas de texto, um usuário pode ser levado a acreditar que está digitando a senha no campo correto, mas digitando em um iframe invisível controlado pelo agente malicioso.",É possível roubar cliques dos usuários explorando a falha de clickjacking no site. Isto é possível pois o site permite enquadrar o seu conteúdo em um iframe não gerenciado pelo próprio.,"Algumas das recomendações sugeridas são:·        Incluir no cabeçalho de resposta as diretivas CSP (Content Security Policy), que instruem o navegador a não permitir o enquadramento (via iframe) de outros domínios.·        Incluir no cabeçalho de resposta o X-Frame-Options.Código defensivo na interface do usuário para garantir que o iframe atual seja a janela de nível superior.",Alto,Alto,1021
Sequestro de cliques (Clickjacking) - Blog Bankly,Alto,"O clickjacking, também conhecido como ""UI redress attack"", é quando um agente malicioso carrega o site alvo em algum frame (como o iframe) como primeira camada de abstração CSS e ao mesmo tempo usa várias camadas opacas como segunda camada de abstração CSS sobrepondo a primeira camada, com o objetivo de criar um layout chamativo ao clique do usuário.O usuário, ao clicar em um botão ou link dessa página maliciosa, acredita estar clicando em alguma funcionalidade da camada superior de abstração CSS, quando na verdade está executando a ação da primeira camada, o que normalmente pode ser uma troca de senha, execução de alguma ação confidencial etc. Assim, o atacante está ""seqüestrando"" os cliques do usuário, que acreditava estar clicando em algo legítimo.Usando uma técnica similar, os toques de tecla também podem ser seqüestrados. Com uma combinação cuidadosamente elaborada de stylesheets, iframes e caixas de texto, um usuário pode ser levado a acreditar que está digitando a senha no campo correto, mas digitando em um iframe invisível controlado pelo agente malicioso.",É possível roubar cliques dos usuários explorando a falha de clickjacking no site. Isto é possível pois o site permite enquadrar o seu conteúdo em um iframe não gerenciado pelo próprio.,"Algumas das recomendações sugeridas são:·        Incluir no cabeçalho de resposta as diretivas CSP (Content Security Policy), que instruem o navegador a não permitir o enquadramento (via iframe) de outros domínios.·        Incluir no cabeçalho de resposta o X-Frame-Options.Código defensivo na interface do usuário para garantir que o iframe atual seja a janela de nível superior.",Alto,Alto,1021
Sequestro de cliques (Clickjacking) - API Bankly,Alto,"O clickjacking, também conhecido como ""UI redress attack"", é quando um agente malicioso carrega o site alvo em algum frame (como o iframe) como primeira camada de abstração CSS e ao mesmo tempo usa várias camadas opacas como segunda camada de abstração CSS sobrepondo a primeira camada, com o objetivo de criar um layout chamativo ao clique do usuário.O usuário, ao clicar em um botão ou link dessa página maliciosa, acredita estar clicando em alguma funcionalidade da camada superior de abstração CSS, quando na verdade está executando a ação da primeira camada, o que normalmente pode ser uma troca de senha, execução de alguma ação confidencial etc. Assim, o atacante está ""seqüestrando"" os cliques do usuário, que acreditava estar clicando em algo legítimo.Usando uma técnica similar, os toques de tecla também podem ser seqüestrados. Com uma combinação cuidadosamente elaborada de stylesheets, iframes e caixas de texto, um usuário pode ser levado a acreditar que está digitando a senha no campo correto, mas digitando em um iframe invisível controlado pelo agente malicioso.",É possível roubar cliques dos usuários explorando a falha de clickjacking no site. Isto é possível pois o site permite enquadrar o seu conteúdo em um iframe não gerenciado pelo próprio.,"Algumas das recomendações sugeridas são:·        Incluir no cabeçalho de resposta as diretivas CSP (Content Security Policy), que instruem o navegador a não permitir o enquadramento (via iframe) de outros domínios.·        Incluir no cabeçalho de resposta o X-Frame-Options.Código defensivo na interface do usuário para garantir que o iframe atual seja a janela de nível superior.",Alto,Alto,1021
Sequestro de cliques (Clickjacking) - Status Bankly,Alto,"O clickjacking, também conhecido como ""UI redress attack"", é quando um agente malicioso carrega o site alvo em algum frame (como o iframe) como primeira camada de abstração CSS e ao mesmo tempo usa várias camadas opacas como segunda camada de abstração CSS sobrepondo a primeira camada, com o objetivo de criar um layout chamativo ao clique do usuário.O usuário, ao clicar em um botão ou link dessa página maliciosa, acredita estar clicando em alguma funcionalidade da camada superior de abstração CSS, quando na verdade está executando a ação da primeira camada, o que normalmente pode ser uma troca de senha, execução de alguma ação confidencial etc. Assim, o atacante está ""seqüestrando"" os cliques do usuário, que acreditava estar clicando em algo legítimo.Usando uma técnica similar, os toques de tecla também podem ser seqüestrados. Com uma combinação cuidadosamente elaborada de stylesheets, iframes e caixas de texto, um usuário pode ser levado a acreditar que está digitando a senha no campo correto, mas digitando em um iframe invisível controlado pelo agente malicioso.",É possível roubar cliques dos usuários explorando a falha de clickjacking no site. Isto é possível pois o site permite enquadrar o seu conteúdo em um iframe não gerenciado pelo próprio.,"Algumas das recomendações sugeridas são:·        Incluir no cabeçalho de resposta as diretivas CSP (Content Security Policy), que instruem o navegador a não permitir o enquadramento (via iframe) de outros domínios.·        Incluir no cabeçalho de resposta o X-Frame-Options.Código defensivo na interface do usuário para garantir que o iframe atual seja a janela de nível superior.",Alto,Alto,1021
Ausência de diretivas para XSS na configuração do header Content-Security-Policy (CSP) - https://app.example.com:443/,Baixo,"A aplicação não implementa diretivas para XSS na configuração do header Content-Securit-Policy (CSP), tornando possível a injeção de conteúdo/código malicioso, contribuindo para ataques de XSS que exigem incorporação de um recurso malicioso de iframes e outros.","A configuração do header Content-Security-Policy (CSP) sem as diretivas para a mitigação do XSS, torna possível a injeção de conteúdo/código malicioso, contribuindo para ataques de XSS que exigem incorporação de um recurso malicioso de iframes e outros.",Algumas das recomendações sugeridas são: Adicionar a configuração ao cabeçalho Content-Policy-Security (CSP) contendo as seguintes diretivas:Exemplo:Content-Security-Policy:        Default-src ‘self’;        Script-src ‘self’ https://code.jquery.com;,Baixo,Alto,16
Ausência de diretivas para XSS na configuração do header Content-Security-Policy (CSP) - https://portal.example.com:443/auth_redirect.do?sysparm_stack=no&sysparm_url=...,Baixo,"A aplicação não implementa diretivas para XSS na configuração do header Content-Securit-Policy (CSP), tornando possível a injeção de conteúdo/código malicioso, contribuindo para ataques de XSS que exigem incorporação de um recurso malicioso de iframes e outros.","A configuração do header Content-Security-Policy (CSP) sem as diretivas para a mitigação do XSS, torna possível a injeção de conteúdo/código malicioso, contribuindo para ataques de XSS que exigem incorporação de um recurso malicioso de iframes e outros.",Algumas das recomendações sugeridas são: Adicionar a configuração ao cabeçalho Content-Policy-Security (CSP) contendo as seguintes diretivas:Exemplo:Content-Security-Policy:        Default-src ‘self’;        Script-src ‘self’ https://code.jquery.com;,Baixo,Alto,16
Ausência de diretivas para XSS na configuração do header Content-Security-Policy (CSP) - https://investors.example.com:443/en/,Baixo,"A aplicação não implementa diretivas para XSS na configuração do header Content-Securit-Policy (CSP), tornando possível a injeção de conteúdo/código malicioso, contribuindo para ataques de XSS que exigem incorporação de um recurso malicioso de iframes e outros.","A configuração do header Content-Security-Policy (CSP) sem as diretivas para a mitigação do XSS, torna possível a injeção de conteúdo/código malicioso, contribuindo para ataques de XSS que exigem incorporação de um recurso malicioso de iframes e outros.",Algumas das recomendações sugeridas são: Adicionar a configuração ao cabeçalho Content-Policy-Security (CSP) contendo as seguintes diretivas:Exemplo:Content-Security-Policy:        Default-src ‘self’;        Script-src ‘self’ https://code.jquery.com;,Baixo,Alto,16
Injeção de código Javascript refletido (Cross-site Scripting) - Logout NaPista,Alto,É possível injetar código Javascript na aplicação.,"Uma vez que a aplicação seja comprometida pela vulnerabilidade de XSS, qualquer ataque voltado ao lado cliente pode ser executado, a citar: roubo de valores de cookies de sessão, redirecionamento do usuário para outras páginas de controle do agente malicioso, instalação de softwares maliciosos (malwares), etc.",Algumas das recomendações sugeridas são:Não permitir que códigos Javascript sejam enviados e executados pela aplicação.Sanatizar parâmetros Javascript e HTML enviados à aplicação.,Alto,Alto,79
Redirecionamento aberto (Open Redirect) - Logout NaPista,Alto,"A aplicação redireciona o usuário para outros endereços, que não sejam o pretendido pela própria aplicação.","É possível sobrescrever valores prévios, redirecionando o usuário para outros endereços, normalmente maliciosos.",Algumas das recomendações sugeridas são:Limitar os dados que a aplicação recebe de usuários.Sanatizar as variáveis que a aplicação recebe dos usuários para que nenhum campo ou cabeçalho seja sobrescrito.Não permitir que a aplicação redirecione usuários para destinos arbitrários.,Alto,Alto,601
Injeção de código Javascript armazenado (Cross-site Scripting) - Dados da Loja,Alto,É possível injetar código Javascript na aplicação.,"Uma vez que a aplicação seja comprometida pela vulnerabilidade de XSS, qualquer ataque voltado ao lado cliente pode ser executado, a citar: roubo de valores de cookies de sessão, redirecionamento do usuário para outras páginas de controle do agente malicioso, instalação de softwares maliciosos (malwares), etc.",Algumas das recomendações sugeridas são:Não permitir que códigos Javascript sejam enviados e executados pela aplicação.Sanatizar parâmetros Javascript e HTML enviados à aplicação.,Alto,Alto,79
Referência Direta Insegura a Objetos (IDOR) - Proposta Proponente,Alto,"A aplicação não faz a devida validação se um usuário tem permissão para visualizar informações de outros usuários. Dessa forma, um agente malicioso, ao alterar determinados parâmetros, inserindo valores que não os originais, é possível obter informações confidenciais e/ou sensíveis de outros usuários, o que por padrão, não deveriam ser obtidos.","Agentes maliciosos podem obter informações de outros usuários através de manipulações de parâmetros vulneráveis. Como consequência, vazamento de informações podem ocorrer. Em determinados casos é possível alterar valores e informações críticas de outros usuários que não o próprio, ocasionando em corrupção de dados da aplicação. Além de outras, dentre as quais:Exposição de informações confidenciais: Controle total de informações da conta de outros usuários.Alteração de dados: um agente malicioso pode ter privilégios para acessar seus dados e alterá-los.","Algumas das recomendações sugeridas são:Fazer a validação se um usuário tem a devida permissão para visualizar, editar/alterar e ou atualizar informações de outros usuários.Não permitir que a alteração de parâmetros impacte a aplicação ou retorne dados de outros usuários.Enviar informações confidenciais e/ou sensíveis em canais seguros de comunicação, o que inclui, entre vários aspectos a utilização de criptografia, tokens atuais e seguros para transmissão de informações, uso de captchas e sistemas de bloqueio etc.Não utilizar valores de objetos facilmente predizíeis, como valores puramente numéricos ou combinações frágeis. Utilizar, no lugar, um identificador de objeto que em cenários de ataques de dicionário/força bruta sejam de difícil adivinhação.",Alto,Alto,813
Referência Direta Insegura a Objetos (IDOR) - Bolsao Leads,Info,"A aplicação não faz a devida validação se um usuário tem permissão para visualizar informações de outros usuários. Dessa forma, um agente malicioso, ao alterar determinados parâmetros, inserindo valores que não os originais, é possível obter informações confidenciais e/ou sensíveis de outros usuários, o que por padrão, não deveriam ser obtidos.","Agentes maliciosos podem obter informações de outros usuários através de manipulações de parâmetros vulneráveis. Como consequência, vazamento de informações podem ocorrer. Em determinados casos é possível alterar valores e informações críticas de outros usuários que não o próprio, ocasionando em corrupção de dados da aplicação. Além de outras, dentre as quais:Exposição de informações confidenciais: Controle total de informações da conta de outros usuários.Alteração de dados: um agente malicioso pode ter privilégios para acessar seus dados e alterá-los.","Algumas das recomendações sugeridas são:Fazer a validação se um usuário tem a devida permissão para visualizar, editar/alterar e ou atualizar informações de outros usuários.Não permitir que a alteração de parâmetros impacte a aplicação ou retorne dados de outros usuários.Enviar informações confidenciais e/ou sensíveis em canais seguros de comunicação, o que inclui, entre vários aspectos a utilização de criptografia, tokens atuais e seguros para transmissão de informações, uso de captchas e sistemas de bloqueio etc.Não utilizar valores de objetos facilmente predizíeis, como valores puramente numéricos ou combinações frágeis. Utilizar, no lugar, um identificador de objeto que em cenários de ataques de dicionário/força bruta sejam de difícil adivinhação.",Info,Info,813
Referência Direta Insegura a Objetos (IDOR) - Consultar Dados Usuário,Info,"A aplicação não faz a devida validação se um usuário tem permissão para visualizar informações de outros usuários. Dessa forma, um agente malicioso, ao alterar determinados parâmetros, inserindo valores que não os originais, é possível obter informações confidenciais e/ou sensíveis de outros usuários, o que por padrão, não deveriam ser obtidos.","Agentes maliciosos podem obter informações de outros usuários através de manipulações de parâmetros vulneráveis. Como consequência, vazamento de informações podem ocorrer. Em determinados casos é possível alterar valores e informações críticas de outros usuários que não o próprio, ocasionando em corrupção de dados da aplicação. Além de outras, dentre as quais:Exposição de informações confidenciais: Controle total de informações da conta de outros usuários.Alteração de dados: um agente malicioso pode ter privilégios para acessar seus dados e alterá-los.","Algumas das recomendações sugeridas são:Fazer a validação se um usuário tem a devida permissão para visualizar, editar/alterar e ou atualizar informações de outros usuários.Não permitir que a alteração de parâmetros impacte a aplicação ou retorne dados de outros usuários.Enviar informações confidenciais e/ou sensíveis em canais seguros de comunicação, o que inclui, entre vários aspectos a utilização de criptografia, tokens atuais e seguros para transmissão de informações, uso de captchas e sistemas de bloqueio etc.Não utilizar valores de objetos facilmente predizíeis, como valores puramente numéricos ou combinações frágeis. Utilizar, no lugar, um identificador de objeto que em cenários de ataques de dicionário/força bruta sejam de difícil adivinhação.",Info,Info,813
IDOR Consulta de dados de todos os usuario da aplicação,Alto,"A aplicação não faz a devida validação se um usuário tem permissão para visualizar informações de outros usuários. Dessa forma, um agente malicioso, ao alterar determinados parâmetros, inserindo valores que não os originais, é possível obter informações confidenciais e/ou sensíveis de outros usuários, o que por padrão, não deveriam ser obtidos.","Agentes maliciosos podem obter informações de outros usuários através de manipulações de parâmetros vulneráveis. Como consequência, vazamento de informações podem ocorrer. Em determinados casos é possível alterar valores e informações críticas de outros usuários que não o próprio, ocasionando em corrupção de dados da aplicação. Além de outras, dentre as quais:Exposição de informações confidenciais: Controle total de informações da conta de outros usuários.Alteração de dados: um agente malicioso pode ter privilégios para acessar seus dados e alterá-los.","Algumas das recomendações sugeridas são:Fazer a validação se um usuário tem a devida permissão para visualizar, editar/alterar e ou atualizar informações de outros usuários.Não permitir que a alteração de parâmetros impacte a aplicação ou retorne dados de outros usuários.Enviar informações confidenciais e/ou sensíveis em canais seguros de comunicação, o que inclui, entre vários aspectos a utilização de criptografia, tokens atuais e seguros para transmissão de informações, uso de captchas e sistemas de bloqueio etc.Não utilizar valores de objetos facilmente predizíeis, como valores puramente numéricos ou combinações frágeis. Utilizar, no lugar, um identificador de objeto que em cenários de ataques de dicionário/força bruta sejam de difícil adivinhação.",Alto,Alto,639
IDOR Criação de conta em Parceiro Comercial GPAR externo,Alto,"A aplicação não faz a devida validação se um usuário tem permissão para visualizar informações de outros usuários. Dessa forma, um agente malicioso, ao alterar determinados parâmetros, inserindo valores que não os originais, é possível obter informações confidenciais e/ou sensíveis de outros usuários, o que por padrão, não deveriam ser obtidos.","Agentes maliciosos podem obter informações de outros usuários através de manipulações de parâmetros vulneráveis. Como consequência, vazamento de informações podem ocorrer. Em determinados casos é possível alterar valores e informações críticas de outros usuários que não o próprio, ocasionando em corrupção de dados da aplicação. Além de outras, dentre as quais:Exposição de informações confidenciais: Controle total de informações da conta de outros usuários.Alteração de dados: um agente malicioso pode ter privilégios para acessar seus dados e alterá-los.","Algumas das recomendações sugeridas são:Fazer a validação se um usuário tem a devida permissão para visualizar, editar/alterar e ou atualizar informações de outros usuários.Não permitir que a alteração de parâmetros impacte a aplicação ou retorne dados de outros usuários.Enviar informações confidenciais e/ou sensíveis em canais seguros de comunicação, o que inclui, entre vários aspectos a utilização de criptografia, tokens atuais e seguros para transmissão de informações, uso de captchas e sistemas de bloqueio etc.Não utilizar valores de objetos facilmente predizíeis, como valores puramente numéricos ou combinações frágeis. Utilizar, no lugar, um identificador de objeto que em cenários de ataques de dicionário/força bruta sejam de difícil adivinhação.",Alto,Alto,639
IDOR - Marketplace Integration,Alto,"A aplicação não faz a devida validação se um usuário tem permissão para visualizar informações de outros usuários. Dessa forma, um agente malicioso, ao alterar determinados parâmetros, inserindo valores que não os originais, é possível obter informações confidenciais e/ou sensíveis de outros usuários, o que por padrão, não deveriam ser obtidos.","Agentes maliciosos podem obter informações de outros usuários através de manipulações de parâmetros vulneráveis. Como consequência, vazamento de informações podem ocorrer. Em determinados casos é possível alterar valores e informações críticas de outros usuários que não o próprio, ocasionando em corrupção de dados da aplicação. Além de outras, dentre as quais:Exposição de informações confidenciais: Controle total de informações da conta de outros usuários.Alteração de dados: um agente malicioso pode ter privilégios para acessar seus dados e alterá-los.","Algumas das recomendações sugeridas são:Fazer a validação se um usuário tem a devida permissão para visualizar, editar/alterar e ou atualizar informações de outros usuários.Não permitir que a alteração de parâmetros impacte a aplicação ou retorne dados de outros usuários.Enviar informações confidenciais e/ou sensíveis em canais seguros de comunicação, o que inclui, entre vários aspectos a utilização de criptografia, tokens atuais e seguros para transmissão de informações, uso de captchas e sistemas de bloqueio etc.Não utilizar valores de objetos facilmente predizíeis, como valores puramente numéricos ou combinações frágeis. Utilizar, no lugar, um identificador de objeto que em cenários de ataques de dicionário/força bruta sejam de difícil adivinhação.",Alto,Alto,639
IDOR - Marketplace Leads,Alto,"A aplicação não faz a devida validação se um usuário tem permissão para visualizar informações de outros usuários. Dessa forma, um agente malicioso, ao alterar determinados parâmetros, inserindo valores que não os originais, é possível obter informações confidenciais e/ou sensíveis de outros usuários, o que por padrão, não deveriam ser obtidos.","Agentes maliciosos podem obter informações de outros usuários através de manipulações de parâmetros vulneráveis. Como consequência, vazamento de informações podem ocorrer. Em determinados casos é possível alterar valores e informações críticas de outros usuários que não o próprio, ocasionando em corrupção de dados da aplicação. Além de outras, dentre as quais:Exposição de informações confidenciais: Controle total de informações da conta de outros usuários.Alteração de dados: um agente malicioso pode ter privilégios para acessar seus dados e alterá-los.","Algumas das recomendações sugeridas são:Fazer a validação se um usuário tem a devida permissão para visualizar, editar/alterar e ou atualizar informações de outros usuários.Não permitir que a alteração de parâmetros impacte a aplicação ou retorne dados de outros usuários.Enviar informações confidenciais e/ou sensíveis em canais seguros de comunicação, o que inclui, entre vários aspectos a utilização de criptografia, tokens atuais e seguros para transmissão de informações, uso de captchas e sistemas de bloqueio etc.Não utilizar valores de objetos facilmente predizíeis, como valores puramente numéricos ou combinações frágeis. Utilizar, no lugar, um identificador de objeto que em cenários de ataques de dicionário/força bruta sejam de difícil adivinhação.",Alto,Alto,639
IDOR - Marketplace Billing,Alto,"A aplicação não faz a devida validação se um usuário tem permissão para visualizar informações de outros usuários. Dessa forma, um agente malicioso, ao alterar determinados parâmetros, inserindo valores que não os originais, é possível obter informações confidenciais e/ou sensíveis de outros usuários, o que por padrão, não deveriam ser obtidos.","Agentes maliciosos podem obter informações de outros usuários através de manipulações de parâmetros vulneráveis. Como consequência, vazamento de informações podem ocorrer. Em determinados casos é possível alterar valores e informações críticas de outros usuários que não o próprio, ocasionando em corrupção de dados da aplicação. Além de outras, dentre as quais:Exposição de informações confidenciais: Controle total de informações da conta de outros usuários.Alteração de dados: um agente malicioso pode ter privilégios para acessar seus dados e alterá-los.","Algumas das recomendações sugeridas são:Fazer a validação se um usuário tem a devida permissão para visualizar, editar/alterar e ou atualizar informações de outros usuários.Não permitir que a alteração de parâmetros impacte a aplicação ou retorne dados de outros usuários.Enviar informações confidenciais e/ou sensíveis em canais seguros de comunicação, o que inclui, entre vários aspectos a utilização de criptografia, tokens atuais e seguros para transmissão de informações, uso de captchas e sistemas de bloqueio etc.Não utilizar valores de objetos facilmente predizíeis, como valores puramente numéricos ou combinações frágeis. Utilizar, no lugar, um identificador de objeto que em cenários de ataques de dicionário/força bruta sejam de difícil adivinhação.",Alto,Alto,639
IDOR - Gerenciador Arquivos,Alto,"A aplicação não faz a devida validação se um usuário tem permissão para visualizar informações de outros usuários. Dessa forma, um agente malicioso, ao alterar determinados parâmetros, inserindo valores que não os originais, é possível obter informações confidenciais e/ou sensíveis de outros usuários, o que por padrão, não deveriam ser obtidos.","Agentes maliciosos podem obter informações de outros usuários através de manipulações de parâmetros vulneráveis. Como consequência, vazamento de informações podem ocorrer. Em determinados casos é possível alterar valores e informações críticas de outros usuários que não o próprio, ocasionando em corrupção de dados da aplicação. Além de outras, dentre as quais:Exposição de informações confidenciais: Controle total de informações da conta de outros usuários.Alteração de dados: um agente malicioso pode ter privilégios para acessar seus dados e alterá-los.","Algumas das recomendações sugeridas são:Fazer a validação se um usuário tem a devida permissão para visualizar, editar/alterar e ou atualizar informações de outros usuários.Não permitir que a alteração de parâmetros impacte a aplicação ou retorne dados de outros usuários.Enviar informações confidenciais e/ou sensíveis em canais seguros de comunicação, o que inclui, entre vários aspectos a utilização de criptografia, tokens atuais e seguros para transmissão de informações, uso de captchas e sistemas de bloqueio etc.Não utilizar valores de objetos facilmente predizíeis, como valores puramente numéricos ou combinações frágeis. Utilizar, no lugar, um identificador de objeto que em cenários de ataques de dicionário/força bruta sejam de difícil adivinhação.",Alto,Alto,639
IDOR arquivamento em massa de Proposta,Alto,"A aplicação não faz a devida validação se um usuário tem permissão para visualizar informações de outros usuários. Dessa forma, um agente malicioso, ao alterar determinados parâmetros, inserindo valores que não os originais, é possível obter informações confidenciais e/ou sensíveis de outros usuários, o que por padrão, não deveriam ser obtidos.","Agentes maliciosos podem obter informações de outros usuários através de manipulações de parâmetros vulneráveis. Como consequência, vazamento de informações podem ocorrer. Em determinados casos é possível alterar valores e informações críticas de outros usuários que não o próprio, ocasionando em corrupção de dados da aplicação. Além de outras, dentre as quais:Exposição de informações confidenciais: Controle total de informações da conta de outros usuários.Alteração de dados: um agente malicioso pode ter privilégios para acessar seus dados e alterá-los.","Algumas das recomendações sugeridas são:Fazer a validação se um usuário tem a devida permissão para visualizar, editar/alterar e ou atualizar informações de outros usuários.Não permitir que a alteração de parâmetros impacte a aplicação ou retorne dados de outros usuários.Enviar informações confidenciais e/ou sensíveis em canais seguros de comunicação, o que inclui, entre vários aspectos a utilização de criptografia, tokens atuais e seguros para transmissão de informações, uso de captchas e sistemas de bloqueio etc.Não utilizar valores de objetos facilmente predizíeis, como valores puramente numéricos ou combinações frágeis. Utilizar, no lugar, um identificador de objeto que em cenários de ataques de dicionário/força bruta sejam de difícil adivinhação.",Alto,Alto,639
IDOR deleção de chaves PIX - Pix Keys,Médio,"A aplicação não faz a devida validação se um usuário tem permissão para visualizar informações de outros usuários. Dessa forma, um agente malicioso, ao alterar determinados parâmetros, inserindo valores que não os originais, é possível obter informações confidenciais e/ou sensíveis de outros usuários, o que por padrão, não deveriam ser obtidos.","Agentes maliciosos podem obter informações de outros usuários através de manipulações de parâmetros vulneráveis. Como consequência, vazamento de informações podem ocorrer. Em determinados casos é possível alterar valores e informações críticas de outros usuários que não o próprio, ocasionando em corrupção de dados da aplicação. Além de outras, dentre as quais:Exposição de informações confidenciais: Controle total de informações da conta de outros usuários.Alteração de dados: um agente malicioso pode ter privilégios para acessar seus dados e alterá-los.","Algumas das recomendações sugeridas são:Fazer a validação se um usuário tem a devida permissão para visualizar, editar/alterar e ou atualizar informações de outros usuários.Não permitir que a alteração de parâmetros impacte a aplicação ou retorne dados de outros usuários.Enviar informações confidenciais e/ou sensíveis em canais seguros de comunicação, o que inclui, entre vários aspectos a utilização de criptografia, tokens atuais e seguros para transmissão de informações, uso de captchas e sistemas de bloqueio etc.Não utilizar valores de objetos facilmente predizíeis, como valores puramente numéricos ou combinações frágeis. Utilizar, no lugar, um identificador de objeto que em cenários de ataques de dicionário/força bruta sejam de difícil adivinhação.",Médio,Médio,639
XSS Refletido permite roubo de sessão - OAuth2 SSO,Alto,É possível injetar código Javascript na aplicação.,"Uma vez que a aplicação seja comprometida pela vulnerabilidade de XSS, qualquer ataque voltado ao lado cliente pode ser executado, a citar: roubo de valores de cookies de sessão, redirecionamento do usuário para outras páginas de controle do agente malicioso, instalação de softwares maliciosos (malwares), etc.",Algumas das recomendações sugeridas são:Não permitir que códigos Javascript sejam enviados e executados pela aplicação.Sanatizar parâmetros Javascript e HTML enviados à aplicação.,Alto,Alto,79
Open Redirection - OAuth2 Security,Médio,"A aplicação redireciona o usuário para outros endereços, que não sejam o pretendido pela própria aplicação.","É possível sobrescrever valores prévios, redirecionando o usuário para outros endereços, normalmente maliciosos.",Algumas das recomendações sugeridas são:Limitar os dados que a aplicação recebe de usuários.Sanatizar as variáveis que a aplicação recebe dos usuários para que nenhum campo ou cabeçalho seja sobrescrito.Não permitir que a aplicação redirecione usuários para destinos arbitrários.,Médio,Médio,601
Referência Direta Insegura a Objetos (IDOR) - Vehicle Loans Person Data,Alto,"A aplicação não faz a devida validação se um usuário tem permissão para visualizar informações de outros usuários. Dessa forma, um agente malicioso, ao alterar determinados parâmetros, inserindo valores que não os originais, é possível obter informações confidenciais e/ou sensíveis de outros usuários, o que por padrão, não deveriam ser obtidos.","Agentes maliciosos podem obter informações de outros usuários através de manipulações de parâmetros vulneráveis. Como consequência, vazamento de informações podem ocorrer. Em determinados casos é possível alterar valores e informações críticas de outros usuários que não o próprio, ocasionando em corrupção de dados da aplicação. Além de outras, dentre as quais:Exposição de informações confidenciais: Controle total de informações da conta de outros usuários.Alteração de dados: um agente malicioso pode ter privilégios para acessar seus dados e alterá-los.","Algumas das recomendações sugeridas são:Fazer a validação se um usuário tem a devida permissão para visualizar, editar/alterar e ou atualizar informações de outros usuários.Não permitir que a alteração de parâmetros impacte a aplicação ou retorne dados de outros usuários.Enviar informações confidenciais e/ou sensíveis em canais seguros de comunicação, o que inclui, entre vários aspectos a utilização de criptografia, tokens atuais e seguros para transmissão de informações, uso de captchas e sistemas de bloqueio etc.Não utilizar valores de objetos facilmente predizíeis, como valores puramente numéricos ou combinações frágeis. Utilizar, no lugar, um identificador de objeto que em cenários de ataques de dicionário/força bruta sejam de difícil adivinhação.",Alto,Alto,639
IDOR  listagem de Documetos,Alto,"A aplicação não faz a devida validação se um usuário tem permissão para visualizar informações de outros usuários. Dessa forma, um agente malicioso, ao alterar determinados parâmetros, inserindo valores que não os originais, é possível obter informações confidenciais e/ou sensíveis de outros usuários, o que por padrão, não deveriam ser obtidos.","Agentes maliciosos podem obter informações de outros usuários através de manipulações de parâmetros vulneráveis. Como consequência, vazamento de informações podem ocorrer. Em determinados casos é possível alterar valores e informações críticas de outros usuários que não o próprio, ocasionando em corrupção de dados da aplicação. Além de outras, dentre as quais:Exposição de informações confidenciais: Controle total de informações da conta de outros usuários.Alteração de dados: um agente malicioso pode ter privilégios para acessar seus dados e alterá-los.","Algumas das recomendações sugeridas são:Fazer a validação se um usuário tem a devida permissão para visualizar, editar/alterar e ou atualizar informações de outros usuários.Não permitir que a alteração de parâmetros impacte a aplicação ou retorne dados de outros usuários.Enviar informações confidenciais e/ou sensíveis em canais seguros de comunicação, o que inclui, entre vários aspectos a utilização de criptografia, tokens atuais e seguros para transmissão de informações, uso de captchas e sistemas de bloqueio etc.Não utilizar valores de objetos facilmente predizíeis, como valores puramente numéricos ou combinações frágeis. Utilizar, no lugar, um identificador de objeto que em cenários de ataques de dicionário/força bruta sejam de difícil adivinhação.",Alto,Alto,639
Dos Chat Bot - Rate Limit,Alto,Este tipo de vulnerabilidade é frequentemente encontrada em formulários que não utilizam mecanismos de defesa contra automação de requisições enviadas para o servidor,"Sistemas que utilizam serviços de envio de email, sms ou qualquer outra ferramenta que realize a cobrança por taxa de envio esse tipo de ataque pode resultar em perda financeira para empresa e também sobrecarga dos seus serviços causando retardamento e uma possível negação de serviço causando risco de negócios.",Implementar soluções de segurança contra ferramentas automatizadas como por exemplo códigos que limitam requisições continuas em um período de tempo curto ou uso de recaptchas onde o usuário passa por um processo onde tem que selecionar figuras ou responder algum tipo de pergunta para que a requisição seja validada e enviada para o servidor dessa forma realizando o controle de requisições realizadas por ferramentas automatizadas.,Alto,Alto,799
Flood Mensagens de erro - Rate Limit,Médio,Este tipo de vulnerabilidade é frequentemente encontrada em formulários que não utilizam mecanismos de defesa contra automação de requisições enviadas para o servidor,"Sistemas que utilizam serviços de envio de email, sms ou qualquer outra ferramenta que realize a cobrança por taxa de envio esse tipo de ataque pode resultar em perda financeira para empresa e também sobrecarga dos seus serviços causando retardamento e uma possível negação de serviço causando risco de negócios.",Implementar soluções de segurança contra ferramentas automatizadas como por exemplo códigos que limitam requisições continuas em um período de tempo curto ou uso de recaptchas onde o usuário passa por um processo onde tem que selecionar figuras ou responder algum tipo de pergunta para que a requisição seja validada e enviada para o servidor dessa forma realizando o controle de requisições realizadas por ferramentas automatizadas.,Médio,Médio,799
IDOR Consulta de todos os usuario na aplicação,Alto,"A aplicação não faz a devida validação se um usuário tem permissão para visualizar informações de outros usuários. Dessa forma, um agente malicioso, ao alterar determinados parâmetros, inserindo valores que não os originais, é possível obter informações confidenciais e/ou sensíveis de outros usuários, o que por padrão, não deveriam ser obtidos.","Agentes maliciosos podem obter informações de outros usuários através de manipulações de parâmetros vulneráveis. Como consequência, vazamento de informações podem ocorrer. Em determinados casos é possível alterar valores e informações críticas de outros usuários que não o próprio, ocasionando em corrupção de dados da aplicação. Além de outras, dentre as quais:Exposição de informações confidenciais: Controle total de informações da conta de outros usuários.Alteração de dados: um agente malicioso pode ter privilégios para acessar seus dados e alterá-los.","Algumas das recomendações sugeridas são:Fazer a validação se um usuário tem a devida permissão para visualizar, editar/alterar e ou atualizar informações de outros usuários.Não permitir que a alteração de parâmetros impacte a aplicação ou retorne dados de outros usuários.Enviar informações confidenciais e/ou sensíveis em canais seguros de comunicação, o que inclui, entre vários aspectos a utilização de criptografia, tokens atuais e seguros para transmissão de informações, uso de captchas e sistemas de bloqueio etc.Não utilizar valores de objetos facilmente predizíeis, como valores puramente numéricos ou combinações frágeis. Utilizar, no lugar, um identificador de objeto que em cenários de ataques de dicionário/força bruta sejam de difícil adivinhação.",Alto,Alto,639
IDOR Download Massivo de Contratos,Alto,"A aplicação não faz a devida validação se um usuário tem permissão para visualizar informações de outros usuários. Dessa forma, um agente malicioso, ao alterar determinados parâmetros, inserindo valores que não os originais, é possível obter informações confidenciais e/ou sensíveis de outros usuários, o que por padrão, não deveriam ser obtidos.","Agentes maliciosos podem obter informações de outros usuários através de manipulações de parâmetros vulneráveis. Como consequência, vazamento de informações podem ocorrer. Em determinados casos é possível alterar valores e informações críticas de outros usuários que não o próprio, ocasionando em corrupção de dados da aplicação. Além de outras, dentre as quais:Exposição de informações confidenciais: Controle total de informações da conta de outros usuários.Alteração de dados: um agente malicioso pode ter privilégios para acessar seus dados e alterá-los.","Algumas das recomendações sugeridas são:Fazer a validação se um usuário tem a devida permissão para visualizar, editar/alterar e ou atualizar informações de outros usuários.Não permitir que a alteração de parâmetros impacte a aplicação ou retorne dados de outros usuários.Enviar informações confidenciais e/ou sensíveis em canais seguros de comunicação, o que inclui, entre vários aspectos a utilização de criptografia, tokens atuais e seguros para transmissão de informações, uso de captchas e sistemas de bloqueio etc.Não utilizar valores de objetos facilmente predizíeis, como valores puramente numéricos ou combinações frágeis. Utilizar, no lugar, um identificador de objeto que em cenários de ataques de dicionário/força bruta sejam de difícil adivinhação.",Alto,Alto,639
IDOR  de Criação de QRCODE,Alto,"A aplicação não faz a devida validação se um usuário tem permissão para visualizar informações de outros usuários. Dessa forma, um agente malicioso, ao alterar determinados parâmetros, inserindo valores que não os originais, é possível obter informações confidenciais e/ou sensíveis de outros usuários, o que por padrão, não deveriam ser obtidos.","Agentes maliciosos podem obter informações de outros usuários através de manipulações de parâmetros vulneráveis. Como consequência, vazamento de informações podem ocorrer. Em determinados casos é possível alterar valores e informações críticas de outros usuários que não o próprio, ocasionando em corrupção de dados da aplicação. Além de outras, dentre as quais:Exposição de informações confidenciais: Controle total de informações da conta de outros usuários.Alteração de dados: um agente malicioso pode ter privilégios para acessar seus dados e alterá-los.","Algumas das recomendações sugeridas são:Fazer a validação se um usuário tem a devida permissão para visualizar, editar/alterar e ou atualizar informações de outros usuários.Não permitir que a alteração de parâmetros impacte a aplicação ou retorne dados de outros usuários.Enviar informações confidenciais e/ou sensíveis em canais seguros de comunicação, o que inclui, entre vários aspectos a utilização de criptografia, tokens atuais e seguros para transmissão de informações, uso de captchas e sistemas de bloqueio etc.Não utilizar valores de objetos facilmente predizíeis, como valores puramente numéricos ou combinações frágeis. Utilizar, no lugar, um identificador de objeto que em cenários de ataques de dicionário/força bruta sejam de difícil adivinhação.",Alto,Alto,639
IDOR Consulta de Todos os Contrato,Alto,"A aplicação não faz a devida validação se um usuário tem permissão para visualizar informações de outros usuários. Dessa forma, um agente malicioso, ao alterar determinados parâmetros, inserindo valores que não os originais, é possível obter informações confidenciais e/ou sensíveis de outros usuários, o que por padrão, não deveriam ser obtidos.","Agentes maliciosos podem obter informações de outros usuários através de manipulações de parâmetros vulneráveis. Como consequência, vazamento de informações podem ocorrer. Em determinados casos é possível alterar valores e informações críticas de outros usuários que não o próprio, ocasionando em corrupção de dados da aplicação. Além de outras, dentre as quais:Exposição de informações confidenciais: Controle total de informações da conta de outros usuários.Alteração de dados: um agente malicioso pode ter privilégios para acessar seus dados e alterá-los.","Algumas das recomendações sugeridas são:Fazer a validação se um usuário tem a devida permissão para visualizar, editar/alterar e ou atualizar informações de outros usuários.Não permitir que a alteração de parâmetros impacte a aplicação ou retorne dados de outros usuários.Enviar informações confidenciais e/ou sensíveis em canais seguros de comunicação, o que inclui, entre vários aspectos a utilização de criptografia, tokens atuais e seguros para transmissão de informações, uso de captchas e sistemas de bloqueio etc.Não utilizar valores de objetos facilmente predizíeis, como valores puramente numéricos ou combinações frágeis. Utilizar, no lugar, um identificador de objeto que em cenários de ataques de dicionário/força bruta sejam de difícil adivinhação.",Alto,Alto,639
IDOR Consulta de todos os detalhe de contratos,Alto,"A aplicação não faz a devida validação se um usuário tem permissão para visualizar informações de outros usuários. Dessa forma, um agente malicioso, ao alterar determinados parâmetros, inserindo valores que não os originais, é possível obter informações confidenciais e/ou sensíveis de outros usuários, o que por padrão, não deveriam ser obtidos.","Agentes maliciosos podem obter informações de outros usuários através de manipulações de parâmetros vulneráveis. Como consequência, vazamento de informações podem ocorrer. Em determinados casos é possível alterar valores e informações críticas de outros usuários que não o próprio, ocasionando em corrupção de dados da aplicação. Além de outras, dentre as quais:Exposição de informações confidenciais: Controle total de informações da conta de outros usuários.Alteração de dados: um agente malicioso pode ter privilégios para acessar seus dados e alterá-los.","Algumas das recomendações sugeridas são:Fazer a validação se um usuário tem a devida permissão para visualizar, editar/alterar e ou atualizar informações de outros usuários.Não permitir que a alteração de parâmetros impacte a aplicação ou retorne dados de outros usuários.Enviar informações confidenciais e/ou sensíveis em canais seguros de comunicação, o que inclui, entre vários aspectos a utilização de criptografia, tokens atuais e seguros para transmissão de informações, uso de captchas e sistemas de bloqueio etc.Não utilizar valores de objetos facilmente predizíeis, como valores puramente numéricos ou combinações frágeis. Utilizar, no lugar, um identificador de objeto que em cenários de ataques de dicionário/força bruta sejam de difícil adivinhação.",Alto,Alto,639
Webflow Subdomain Takeover (Webflow),Médio,"O apontamento presente na URL, que direciona para um storage no bucket S3 da AWS, está inativo. Desta forma, é possível que um atacante cadastre este bucket com o mesmo nome, tomando para si um domínio válido da organização.",Um atacante pode utilizar este subdomínio para efetuar ataques de engenharia social dentro do ambiente da organização ou visando seus funcionários. Também é possível que páginas que possuam alguma dependência com o bucket S3 carregue funcionalidades maliciosas em uma página interna.,"O apontamento presente na URL, que direciona para um storage no bucket S3 da AWS, está inativo. Desta forma, é possível que um atacante cadastre este bucket com o mesmo nome, tomando para si um domínio válido da organização.",Médio,Médio,
WIx Subdomain Takeover (Wix),Médio,"O apontamento presente na URL, que direciona para um storage no bucket S3 da AWS, está inativo. Desta forma, é possível que um atacante cadastre este bucket com o mesmo nome, tomando para si um domínio válido da organização.",Um atacante pode utilizar este subdomínio para efetuar ataques de engenharia social dentro do ambiente da organização ou visando seus funcionários. Também é possível que páginas que possuam alguma dependência com o bucket S3 carregue funcionalidades maliciosas em uma página interna.,"O apontamento presente na URL, que direciona para um storage no bucket S3 da AWS, está inativo. Desta forma, é possível que um atacante cadastre este bucket com o mesmo nome, tomando para si um domínio válido da organização.",Médio,Médio,
IDOR Consulta de Todos os Contratos,Alto,"A aplicação não faz a devida validação se um usuário tem permissão para visualizar informações de outros usuários. Dessa forma, um agente malicioso, ao alterar determinados parâmetros, inserindo valores que não os originais, é possível obter informações confidenciais e/ou sensíveis de outros usuários, o que por padrão, não deveriam ser obtidos.","Agentes maliciosos podem obter informações de outros usuários através de manipulações de parâmetros vulneráveis. Como consequência, vazamento de informações podem ocorrer. Em determinados casos é possível alterar valores e informações críticas de outros usuários que não o próprio, ocasionando em corrupção de dados da aplicação. Além de outras, dentre as quais:Exposição de informações confidenciais: Controle total de informações da conta de outros usuários.Alteração de dados: um agente malicioso pode ter privilégios para acessar seus dados e alterá-los.","Algumas das recomendações sugeridas são:Fazer a validação se um usuário tem a devida permissão para visualizar, editar/alterar e ou atualizar informações de outros usuários.Não permitir que a alteração de parâmetros impacte a aplicação ou retorne dados de outros usuários.Enviar informações confidenciais e/ou sensíveis em canais seguros de comunicação, o que inclui, entre vários aspectos a utilização de criptografia, tokens atuais e seguros para transmissão de informações, uso de captchas e sistemas de bloqueio etc.Não utilizar valores de objetos facilmente predizíeis, como valores puramente numéricos ou combinações frágeis. Utilizar, no lugar, um identificador de objeto que em cenários de ataques de dicionário/força bruta sejam de difícil adivinhação.",Alto,Alto,639
Endpoints Legados ativos ( Painel de login realizando interações com o servidor),Médio,"Foram encontrados diversos endpoints em produção com versões antigas ativas, essas versões ativas colocam em risco a aplicação visto que os endpoints estão desatualizados e sem os controles de segurança das versões novas.",Alguns impactos são:Enumeração de usuáriosExposição de informações de tipo de conta e serviços atrelados a mesma.,Algumas recomendações são:Desativar todas as versões de endpoints antigos que não estão sendo utilizados em produção,Médio,Médio,200
Extração de informações de usuários IDOR,Alto,"A aplicação não faz a devida validação se um usuário tem permissão para visualizar informações de outros usuários. Dessa forma, um agente malicioso, ao alterar determinados parâmetros, inserindo valores que não os originais, é possível obter informações confidenciais e/ou sensíveis de outros usuários, o que por padrão, não deveriam ser obtidos.","Agentes maliciosos podem obter informações de outros usuários através de manipulações de parâmetros vulneráveis. Como consequência, vazamento de informações podem ocorrer. Em determinados casos é possível alterar valores e informações críticas de outros usuários que não o próprio, ocasionando em corrupção de dados da aplicação. Além de outras, dentre as quais:Exposição de informações confidenciais: Controle total de informações da conta de outros usuários.Alteração de dados: um agente malicioso pode ter privilégios para acessar seus dados e alterá-los.","Algumas das recomendações sugeridas são:Fazer a validação se um usuário tem a devida permissão para visualizar, editar/alterar e ou atualizar informações de outros usuários.Não permitir que a alteração de parâmetros impacte a aplicação ou retorne dados de outros usuários.Enviar informações confidenciais e/ou sensíveis em canais seguros de comunicação, o que inclui, entre vários aspectos a utilização de criptografia, tokens atuais e seguros para transmissão de informações, uso de captchas e sistemas de bloqueio etc.Não utilizar valores de objetos facilmente predizíeis, como valores puramente numéricos ou combinações frágeis. Utilizar, no lugar, um identificador de objeto que em cenários de ataques de dicionário/força bruta sejam de difícil adivinhação.",Alto,Alto,639
Extração de permissões de usuários IDOR,Alto,"A aplicação não faz a devida validação se um usuário tem permissão para visualizar informações de outros usuários. Dessa forma, um agente malicioso, ao alterar determinados parâmetros, inserindo valores que não os originais, é possível obter informações confidenciais e/ou sensíveis de outros usuários, o que por padrão, não deveriam ser obtidos.","Agentes maliciosos podem obter informações de outros usuários através de manipulações de parâmetros vulneráveis. Como consequência, vazamento de informações podem ocorrer. Em determinados casos é possível alterar valores e informações críticas de outros usuários que não o próprio, ocasionando em corrupção de dados da aplicação. Além de outras, dentre as quais:Exposição de informações confidenciais: Controle total de informações da conta de outros usuários.Alteração de dados: um agente malicioso pode ter privilégios para acessar seus dados e alterá-los.","Algumas das recomendações sugeridas são:Fazer a validação se um usuário tem a devida permissão para visualizar, editar/alterar e ou atualizar informações de outros usuários.Não permitir que a alteração de parâmetros impacte a aplicação ou retorne dados de outros usuários.Enviar informações confidenciais e/ou sensíveis em canais seguros de comunicação, o que inclui, entre vários aspectos a utilização de criptografia, tokens atuais e seguros para transmissão de informações, uso de captchas e sistemas de bloqueio etc.Não utilizar valores de objetos facilmente predizíeis, como valores puramente numéricos ou combinações frágeis. Utilizar, no lugar, um identificador de objeto que em cenários de ataques de dicionário/força bruta sejam de difícil adivinhação.",Alto,Alto,639
Extração massiva do Banco de Dados do RH IDOR,Alto,"A aplicação não faz a devida validação se um usuário tem permissão para visualizar informações de outros usuários. Dessa forma, um agente malicioso, ao alterar determinados parâmetros, inserindo valores que não os originais, é possível obter informações confidenciais e/ou sensíveis de outros usuários, o que por padrão, não deveriam ser obtidos.","Agentes maliciosos podem obter informações de outros usuários através de manipulações de parâmetros vulneráveis. Como consequência, vazamento de informações podem ocorrer. Em determinados casos é possível alterar valores e informações críticas de outros usuários que não o próprio, ocasionando em corrupção de dados da aplicação. Além de outras, dentre as quais:Exposição de informações confidenciais: Controle total de informações da conta de outros usuários.Alteração de dados: um agente malicioso pode ter privilégios para acessar seus dados e alterá-los.","Algumas das recomendações sugeridas são:Fazer a validação se um usuário tem a devida permissão para visualizar, editar/alterar e ou atualizar informações de outros usuários.Não permitir que a alteração de parâmetros impacte a aplicação ou retorne dados de outros usuários.Enviar informações confidenciais e/ou sensíveis em canais seguros de comunicação, o que inclui, entre vários aspectos a utilização de criptografia, tokens atuais e seguros para transmissão de informações, uso de captchas e sistemas de bloqueio etc.Não utilizar valores de objetos facilmente predizíeis, como valores puramente numéricos ou combinações frágeis. Utilizar, no lugar, um identificador de objeto que em cenários de ataques de dicionário/força bruta sejam de difícil adivinhação.",Alto,Alto,639
Extração de informações sigilosas  IDOR,Alto,"A aplicação não faz a devida validação se um usuário tem permissão para visualizar informações de outros usuários. Dessa forma, um agente malicioso, ao alterar determinados parâmetros, inserindo valores que não os originais, é possível obter informações confidenciais e/ou sensíveis de outros usuários, o que por padrão, não deveriam ser obtidos.","Agentes maliciosos podem obter informações de outros usuários através de manipulações de parâmetros vulneráveis. Como consequência, vazamento de informações podem ocorrer. Em determinados casos é possível alterar valores e informações críticas de outros usuários que não o próprio, ocasionando em corrupção de dados da aplicação. Além de outras, dentre as quais:Exposição de informações confidenciais: Controle total de informações da conta de outros usuários.Alteração de dados: um agente malicioso pode ter privilégios para acessar seus dados e alterá-los.","Algumas das recomendações sugeridas são:Fazer a validação se um usuário tem a devida permissão para visualizar, editar/alterar e ou atualizar informações de outros usuários.Não permitir que a alteração de parâmetros impacte a aplicação ou retorne dados de outros usuários.Enviar informações confidenciais e/ou sensíveis em canais seguros de comunicação, o que inclui, entre vários aspectos a utilização de criptografia, tokens atuais e seguros para transmissão de informações, uso de captchas e sistemas de bloqueio etc.Não utilizar valores de objetos facilmente predizíeis, como valores puramente numéricos ou combinações frágeis. Utilizar, no lugar, um identificador de objeto que em cenários de ataques de dicionário/força bruta sejam de difícil adivinhação.",Alto,Alto,639
IDOR Enumeração de proposta SOLAR,Alto,"A aplicação não faz a devida validação se um usuário tem permissão para visualizar informações de outros usuários. Dessa forma, um agente malicioso, ao alterar determinados parâmetros, inserindo valores que não os originais, é possível obter informações confidenciais e/ou sensíveis de outros usuários, o que por padrão, não deveriam ser obtidos.","Agentes maliciosos podem obter informações de outros usuários através de manipulações de parâmetros vulneráveis. Como consequência, vazamento de informações podem ocorrer. Em determinados casos é possível alterar valores e informações críticas de outros usuários que não o próprio, ocasionando em corrupção de dados da aplicação. Além de outras, dentre as quais:Exposição de informações confidenciais: Controle total de informações da conta de outros usuários.Alteração de dados: um agente malicioso pode ter privilégios para acessar seus dados e alterá-los.","Algumas das recomendações sugeridas são:Fazer a validação se um usuário tem a devida permissão para visualizar, editar/alterar e ou atualizar informações de outros usuários.Não permitir que a alteração de parâmetros impacte a aplicação ou retorne dados de outros usuários.Enviar informações confidenciais e/ou sensíveis em canais seguros de comunicação, o que inclui, entre vários aspectos a utilização de criptografia, tokens atuais e seguros para transmissão de informações, uso de captchas e sistemas de bloqueio etc.Não utilizar valores de objetos facilmente predizíeis, como valores puramente numéricos ou combinações frágeis. Utilizar, no lugar, um identificador de objeto que em cenários de ataques de dicionário/força bruta sejam de difícil adivinhação.",Alto,Alto,639
(IDOR) Download massivo de documentos,Alto,"A aplicação não faz a devida validação se um usuário tem permissão para visualizar informações de outros usuários. Dessa forma, um agente malicioso, ao alterar determinados parâmetros, inserindo valores que não os originais, é possível obter informações confidenciais e/ou sensíveis de outros usuários, o que por padrão, não deveriam ser obtidos.","Agentes maliciosos podem obter informações de outros usuários através de manipulações de parâmetros vulneráveis. Como consequência, vazamento de informações podem ocorrer. Em determinados casos é possível alterar valores e informações críticas de outros usuários que não o próprio, ocasionando em corrupção de dados da aplicação. Além de outras, dentre as quais:Exposição de informações confidenciais: Controle total de informações da conta de outros usuários.Alteração de dados: um agente malicioso pode ter privilégios para acessar seus dados e alterá-los.","Algumas das recomendações sugeridas são:Fazer a validação se um usuário tem a devida permissão para visualizar, editar/alterar e ou atualizar informações de outros usuários.Não permitir que a alteração de parâmetros impacte a aplicação ou retorne dados de outros usuários.Enviar informações confidenciais e/ou sensíveis em canais seguros de comunicação, o que inclui, entre vários aspectos a utilização de criptografia, tokens atuais e seguros para transmissão de informações, uso de captchas e sistemas de bloqueio etc.Não utilizar valores de objetos facilmente predizíeis, como valores puramente numéricos ou combinações frágeis. Utilizar, no lugar, um identificador de objeto que em cenários de ataques de dicionário/força bruta sejam de difícil adivinhação.",Alto,Alto,639
IDOR  Enumeração de proposta,Alto,"A aplicação não faz a devida validação se um usuário tem permissão para visualizar informações de outros usuários. Dessa forma, um agente malicioso, ao alterar determinados parâmetros, inserindo valores que não os originais, é possível obter informações confidenciais e/ou sensíveis de outros usuários, o que por padrão, não deveriam ser obtidos.","Agentes maliciosos podem obter informações de outros usuários através de manipulações de parâmetros vulneráveis. Como consequência, vazamento de informações podem ocorrer. Em determinados casos é possível alterar valores e informações críticas de outros usuários que não o próprio, ocasionando em corrupção de dados da aplicação. Além de outras, dentre as quais:Exposição de informações confidenciais: Controle total de informações da conta de outros usuários.Alteração de dados: um agente malicioso pode ter privilégios para acessar seus dados e alterá-los.","Algumas das recomendações sugeridas são:Fazer a validação se um usuário tem a devida permissão para visualizar, editar/alterar e ou atualizar informações de outros usuários.Não permitir que a alteração de parâmetros impacte a aplicação ou retorne dados de outros usuários.Enviar informações confidenciais e/ou sensíveis em canais seguros de comunicação, o que inclui, entre vários aspectos a utilização de criptografia, tokens atuais e seguros para transmissão de informações, uso de captchas e sistemas de bloqueio etc.Não utilizar valores de objetos facilmente predizíeis, como valores puramente numéricos ou combinações frágeis. Utilizar, no lugar, um identificador de objeto que em cenários de ataques de dicionário/força bruta sejam de difícil adivinhação.",Alto,Alto,639
IDOR consulta de documentos PDF,Alto,"A aplicação não faz a devida validação se um usuário tem permissão para visualizar informações que ele não possui acesso. Dessa forma, um agente malicioso, ao alterar determinados parâmetros, inserindo valores que não os originais, é possível obter informações confidenciais e/ou sensíveis, o que por padrão, não deveriam ser obtidos.","Agentes maliciosos podem obter informações de outros usuários através de manipulações de parâmetros vulneráveis. Como consequência, vazamento de informações podem ocorrer. Em determinados casos é possível alterar valores e informações críticas de outros usuários que não o próprio, ocasionando em corrupção de dados da aplicação. Além de outras, dentre as quais:Exposição de informações confidenciais: Controle total de informações da conta de outros usuários.Alteração de dados: um agente malicioso pode ter privilégios para acessar seus dados e alterá-los.","Algumas das recomendações sugeridas são:Fazer a validação se um usuário tem a devida permissão para visualizar, editar/alterar e ou atualizar informações de outros usuários.Não permitir que a alteração de parâmetros impacte a aplicação ou retorne dados de outros usuários.Enviar informações confidenciais e/ou sensíveis em canais seguros de comunicação, o que inclui, entre vários aspectos a utilização de criptografia, tokens atuais e seguros para transmissão de informações, uso de captchas e sistemas de bloqueio etc.Não utilizar valores de objetos facilmente predizíeis, como valores puramente numéricos ou combinações frágeis. Utilizar, no lugar, um identificador de objeto que em cenários de ataques de dicionário/força bruta sejam de difícil adivinhação.",Alto,Alto,639
IDOR nos lances do leilão,Alto,"A aplicação não faz a devida validação se um usuário tem permissão para visualizar informações de outros usuários. Dessa forma, um agente malicioso, ao alterar determinados parâmetros, inserindo valores que não os originais, é possível obter informações confidenciais e/ou sensíveis de outros usuários, o que por padrão, não deveriam ser obtidos.","Agentes maliciosos podem obter informações de outros usuários através de manipulações de parâmetros vulneráveis. Como consequência, vazamento de informações podem ocorrer. Em determinados casos é possível alterar valores e informações críticas de outros usuários que não o próprio, ocasionando em corrupção de dados da aplicação. Além de outras, dentre as quais:Exposição de informações confidenciais: Controle total de informações da conta de outros usuários.Alteração de dados: um agente malicioso pode ter privilégios para acessar seus dados e alterá-los.","Algumas das recomendações sugeridas são:Fazer a validação se um usuário tem a devida permissão para visualizar, editar/alterar e ou atualizar informações de outros usuários.Não permitir que a alteração de parâmetros impacte a aplicação ou retorne dados de outros usuários.Enviar informações confidenciais e/ou sensíveis em canais seguros de comunicação, o que inclui, entre vários aspectos a utilização de criptografia, tokens atuais e seguros para transmissão de informações, uso de captchas e sistemas de bloqueio etc.Não utilizar valores de objetos facilmente predizíeis, como valores puramente numéricos ou combinações frágeis. Utilizar, no lugar, um identificador de objeto que em cenários de ataques de dicionário/força bruta sejam de difícil adivinhação.",Alto,Alto,639
IDOR e Account Take Over,Alto,"A aplicação não faz a devida validação se um usuário tem permissão para visualizar informações de outros usuários. Dessa forma, um agente malicioso, ao alterar determinados parâmetros, inserindo valores que não os originais, é possível obter informações confidenciais e/ou sensíveis de outros usuários, o que por padrão, não deveriam ser obtidos.","IDOR (Insecure Direct Object Reference):Exposição de Dados Sensíveis: Permite que atacantes acessem dados confidenciais de outros usuários, como informações pessoais, financeiras ou de saúde.Alteração de Dados: Atacantes podem modificar dados de outros usuários, causando perda de integridade e confiança no sistema.Escalação de Privilégios: Pode ser usado para obter acesso a funções administrativas ou a contas de alto privilégio.Account Takeover:Acesso Não Autorizado: Atacantes obtêm controle total ou parcial da conta de um usuário, podendo realizar ações em nome do usuário legítimo.Fraude e Abuso: Contas comprometidas podem ser usadas para atividades fraudulentas, como transferências financeiras não autorizadas ou compras fraudulentas.Perda de Confiança: Usuários afetados podem perder a confiança na segurança do sistema, resultando em danos à reputação da empresa.","Algumas das recomendações sugeridas são:Fazer a validação se um usuário tem a devida permissão para visualizar, editar/alterar e ou atualizar informações de outros usuários.Não permitir que a alteração de parâmetros impacte a aplicação ou retorne dados de outros usuários.Enviar informações confidenciais e/ou sensíveis em canais seguros de comunicação, o que inclui, entre vários aspectos a utilização de criptografia, tokens atuais e seguros para transmissão de informações, uso de captchas e sistemas de bloqueio etc.Não utilizar valores de objetos facilmente predizíeis, como valores puramente numéricos ou combinações frágeis. Utilizar, no lugar, um identificador de objeto que em cenários de ataques de dicionário/força bruta sejam de difícil adivinhação.",Alto,Alto,639
SQL Injection (Time-Based Blind),Alto,"Durante os testes, foi possível injetar um payload que utiliza a função SLEEP do banco de dados por meio de um parâmetro da aplicação. A resposta da aplicação demonstrou atraso coerente com o tempo definido no payload, indicando que o comando foi interpretado com sucesso. Apesar disso, não foi validada a extração de dados ou interação com outras funções sensíveis.","A presença da vulnerabilidade permite que um atacante explore o banco de dados por meio de técnicas time-based blind, podendo, com paciência e automação, extrair dados sensíveis mesmo sem mensagens de erro visíveis. Dependendo da criticidade dos dados e permissões disponíveis, isso pode comprometer totalmente a aplicação e os dados armazenados, ou até mesmo causar indisponibilidade.","Utilizar consultas parametrizadas (prepared statements) em todas as interações com o banco de dados.Evitar a montagem dinâmica de comandos SQL utilizando concatenação de strings com entradas de usuário.Validar e sanitizar todas as entradas, inclusive parâmetros de URL, corpo de requisição e headers.",Alto,Médio,
Server-Side Request Forgery (SSRF),Alto,"A vulnerabilidade identificada caracteriza-se como um Server-Side Request Forgery (SSRF), onde a aplicação realiza requisições HTTP baseadas em URLs fornecidas pelo usuário por meio do corpo da requisição enviada ao endpoint /partner-validation/v1/pix-schedule e /partner-validation/v1/pix-authorization. O parâmetro url é controlado pelo client-side e, ao receber um destino válido que aceite requisições POST, a aplicação efetivamente realiza a chamada, enviando inclusive o corpo da requisição original. Essa execução ocorre no contexto do servidor da aplicação, permitindo ao atacante interagir com recursos externos arbitrários, desde que aceitem POST. O servidor da aplicação faz uma requisição externa (server-to-server) para qualquer URL fornecida pelo usuário, desde que o destino aceite o método POST (mesmo se não aceitar, ainda é possível realizar as requisições, mas com retornos variados, 4xx,5xx,3xx).Essa requisição é feita a partir da infraestrutura interna da aplicação, o que caracteriza o SSRF.Foi possível confirmar que a requisição é feita pelo servidor, porque o corpo completo da requisição e o ip de origem foi recebido por um webhook sob controle de uma equipe externa (fora da infraestrutura da empresa).","É possível acessar recursos internos por intermédio de requisições originadas do próprio servidor, ao invés de serem oriundas dos usuários. Assim, recursos internos protegidos apenas internamente são acessíveis a qualquer pessoa.","Acesso Não Autorizado a Recursos Internos:Um atacante pode explorar a vulnerabilidade para acessar recursos internos da rede que não deveriam ser acessíveis externamente, como bancos de dados, servidores de arquivos e outros serviços internos.Exfiltração de Dados Sensíveis:Através de requisições maliciosas, um atacante pode obter dados sensíveis armazenados em servidores internos, como informações de usuários, credenciais e outros dados confidenciais.Execução de Código Remoto:Em alguns casos, a SSRF pode ser usada como vetor para executar código remoto em servidores internos, comprometendo a segurança da aplicação e da infraestrutura.Escalonamento de Ataques:A vulnerabilidade pode ser utilizada como ponto de partida para outros tipos de ataques, como exploração de vulnerabilidades adicionais em serviços internos, escalonamento de privilégios e movimentação lateral dentro da rede.Interação com Serviços Externos:Um atacante pode interagir com serviços externos de forma maliciosa, como enviar spam, realizar ataques de negação de serviço (DoS) ou manipular serviços de terceiros.Impacto na Disponibilidade:Requisições maliciosas podem sobrecarregar servidores internos, afetando a disponibilidade da aplicação e dos serviços internos.",Médio,Alto,918
IDOR no download de anexos,Alto,"A aplicação não faz a devida validação se um usuário tem permissão para visualizar informações de outros usuários. Dessa forma, um agente malicioso, ao alterar determinados parâmetros, inserindo valores que não os originais, é possível obter informações confidenciais e/ou sensíveis de outros usuários, o que por padrão, não deveriam ser obtidos.","Agentes maliciosos podem obter informações de outros usuários através de manipulações de parâmetros vulneráveis. Como consequência, vazamento de informações podem ocorrer. Em determinados casos é possível alterar valores e informações críticas de outros usuários que não o próprio, ocasionando em corrupção de dados da aplicação. Além de outras, dentre as quais:Exposição de informações confidenciais: Controle total de informações da conta de outros usuários.Alteração de dados: um agente malicioso pode ter privilégios para acessar seus dados e alterá-los.","Algumas das recomendações sugeridas são:Fazer a validação se um usuário tem a devida permissão para visualizar, editar/alterar e ou atualizar informações de outros usuários.Não permitir que a alteração de parâmetros impacte a aplicação ou retorne dados de outros usuários.Enviar informações confidenciais e/ou sensíveis em canais seguros de comunicação, o que inclui, entre vários aspectos a utilização de criptografia, tokens atuais e seguros para transmissão de informações, uso de captchas e sistemas de bloqueio etc.Não utilizar valores de objetos facilmente predizíeis, como valores puramente numéricos ou combinações frágeis. Utilizar, no lugar, um identificador de objeto que em cenários de ataques de dicionário/força bruta sejam de difícil adivinhação.",Alto,Alto,639
Sequestro de cliques (Clickjacking) - Diretório de Cartão,Alto,"O clickjacking, também conhecido como ""UI redress attack"", é quando um agente malicioso carrega o site alvo em algum frame (como o iframe) como primeira camada de abstração CSS e ao mesmo tempo usa várias camadas opacas como segunda camada de abstração CSS sobrepondo a primeira camada, com o objetivo de criar um layout chamativo ao clique do usuário.O usuário, ao clicar em um botão ou link dessa página maliciosa, acredita estar clicando em alguma funcionalidade da camada superior de abstração CSS, quando na verdade está executando a ação da primeira camada, o que normalmente pode ser uma troca de senha, execução de alguma ação confidencial etc. Assim, o atacante está ""seqüestrando"" os cliques do usuário, que acreditava estar clicando em algo legítimo.Usando uma técnica similar, os toques de tecla também podem ser seqüestrados. Com uma combinação cuidadosamente elaborada de stylesheets, iframes e caixas de texto, um usuário pode ser levado a acreditar que está digitando a senha no campo correto, mas digitando em um iframe invisível controlado pelo agente malicioso.",É possível roubar cliques dos usuários explorando a falha de clickjacking no site. Isto é possível pois o site permite enquadrar o seu conteúdo em um iframe não gerenciado pelo próprio.,"Algumas das recomendações sugeridas são:·        Incluir no cabeçalho de resposta as diretivas CSP (Content Security Policy), que instruem o navegador a não permitir o enquadramento (via iframe) de outros domínios.·        Incluir no cabeçalho de resposta o X-Frame-Options.Código defensivo na interface do usuário para garantir que o iframe atual seja a janela de nível superior.",Alto,Alto,1021
Referência Direta Insegura a Objetos (IDOR)  - Deletar Projetos Outros Usuários,Alto,"Durante os testes de segurança realizados no ambiente, foi identificado que a funcionalidade de exclusão de projetos não implementa controles adequados de autorização. Especificamente, ao realizar uma requisição para deletar um projeto, é possível fornecer manualmente o ID de um projeto pertencente a outro usuário. A aplicação processa a requisição sem verificar se o solicitante é, de fato, o proprietário do recurso.","Essa falha permite que usuários autenticados, mas não autorizados, excluam projetos de outros usuários.","Implementar verificação de propriedade no backend: Antes de permitir a exclusão de um projeto, o sistema deve validar se o usuário autenticado é o proprietário legítimo do recurso.Evitar confiar apenas em dados fornecidos pelo cliente (como IDs): Toda ação sensível deve ser validada no servidor com base nas permissões reais do usuário.",Alto,Médio,639
Referência Direta Insegura a Objetos (IDOR)  - Visualizar Projetos De Outros Usuários,Alto,"Durante os testes de segurança realizados no ambiente, foi identificado que a aplicação permite a visualização de informações de outros usuários ao manipular diretamente o parâmetro de ID do projeto na URL (via método GET). Ao alterar manualmente o valor do ID na URL, um usuário autenticado consegue acessar dados de projetos que não lhe pertencem, sem qualquer verificação de autorização por parte do backend.",Essa falha representa uma exposição indevida de dados,Implementar controles de autorização no backend: Toda requisição que envolva acesso a recursos sensíveis deve verificar se o usuário autenticado tem permissão para acessar aquele recurso específico.Evitar confiar apenas em parâmetros da URL para controle de acesso. A lógica de autorização deve ser centralizada e segura.,Alto,Médio,639
Referência Direta Insegura a Objetos (IDOR) - Acesso a Projeto de Outros Usuários,Alto,"Durante os testes de segurança realizados no ambiente, foi identificado que o ID do projeto acessado pelo usuário é armazenado no localStorage do navegador. Essa abordagem permite que qualquer usuário autenticado altere manualmente esse valor, inserindo o ID de um projeto pertencente a outro usuário. Após atualizar a página, a aplicação carrega os dados do projeto correspondente ao novo ID, sem realizar qualquer verificação de autorização no backend.","Essa falha representa uma séria violação de controle de acesso e pode resultar em:Exposição de dados confidenciais de outros usuários.Violação de privacidade e confidencialidade, contrariando princípios fundamentais da segurança da informação.Risco de uso indevido ou manipulação de dados por usuários não autorizados.","Para mitigar essa vulnerabilidade, recomenda-se:Evitar armazenar identificadores sensíveis no localStorage, especialmente aqueles que controlam o acesso a recursos.Implementar validações de autorização no backend: toda requisição para acessar dados de um projeto deve verificar se o usuário autenticado tem permissão para visualizar aquele recurso.",Alto,Médio,639
Referência Direta Insegura a Objetos (IDOR) - Cancelamento de Lotes,Alto,"A aplicação não faz a devida validação do status de atual de um lote de pagamentos, permitindo que um atacante altere o status de lotes em diversas etapas do processamento para cancelado, incluindo concluídos. Isto pode ser usado para esconder pagamentos feitos, uma vez que o sistema refletirá que o lote foi cancelado mesmo após sua conclusão.","Agentes maliciosos podem obter informações de outros usuários através de manipulações de parâmetros vulneráveis. Como consequência, vazamento de informações podem ocorrer. Em determinados casos é possível alterar valores e informações críticas de outros usuários que não o próprio, ocasionando em corrupção de dados da aplicação. Além de outras, dentre as quais:Exposição de informações confidenciais: Controle total de informações da conta de outros usuários.Alteração de dados: um agente malicioso pode ter privilégios para acessar seus dados e alterá-los.","Algumas das recomendações sugeridas são:Fazer a validação se um usuário tem a devida permissão para visualizar, editar/alterar e ou atualizar informações de outros usuários.Não permitir que a alteração de parâmetros impacte a aplicação ou retorne dados de outros usuários.Enviar informações confidenciais e/ou sensíveis em canais seguros de comunicação, o que inclui, entre vários aspectos a utilização de criptografia, tokens atuais e seguros para transmissão de informações, uso de captchas e sistemas de bloqueio etc.Não utilizar valores de objetos facilmente predizíeis, como valores puramente numéricos ou combinações frágeis. Utilizar, no lugar, um identificador de objeto que em cenários de ataques de dicionário/força bruta sejam de difícil adivinhação.",Alto,Alto,639
Referência Direta Insegura a Objetos (IDOR) - Detalhes Lotes em Análise,Médio,É possível visualizar dados de lotes em análise através de IDOR. Lotes em análise não permitem visualizar seus detalhes pelo front-end da aplicação.,"Agentes maliciosos podem obter informações de outros usuários através de manipulações de parâmetros vulneráveis. Como consequência, vazamento de informações podem ocorrer. Em determinados casos é possível alterar valores e informações críticas de outros usuários que não o próprio, ocasionando em corrupção de dados da aplicação. Além de outras, dentre as quais:Exposição de informações confidenciais: Controle total de informações da conta de outros usuários.Alteração de dados: um agente malicioso pode ter privilégios para acessar seus dados e alterá-los.","Algumas das recomendações sugeridas são:Fazer a validação se um usuário tem a devida permissão para visualizar, editar/alterar e ou atualizar informações de outros usuários.Não permitir que a alteração de parâmetros impacte a aplicação ou retorne dados de outros usuários.Enviar informações confidenciais e/ou sensíveis em canais seguros de comunicação, o que inclui, entre vários aspectos a utilização de criptografia, tokens atuais e seguros para transmissão de informações, uso de captchas e sistemas de bloqueio etc.Não utilizar valores de objetos facilmente predizíeis, como valores puramente numéricos ou combinações frágeis. Utilizar, no lugar, um identificador de objeto que em cenários de ataques de dicionário/força bruta sejam de difícil adivinhação.",Médio,Médio,639
Blind SSRF based DNS,Médio,"Durante os testes de segurança realizados, foi identificado um comportamento anômalo que caracteriza uma vulnerabilidade do tipo SSRF (Server-Side Request Forgery), mais especificamente em sua forma ""blind"" e baseada em resolução de nomes DNS.A exploração foi conduzida através da manipulação do cabeçalho Host em uma requisição HTTP do tipo POST, enviada para o endpoint /v1/varejo/recuperacao-credito/cartao/simulacao-acordo-parcelado. O valor originalmente legítimo do cabeçalho Host foi substituído por um domínio controlado pelo analista de segurança, gerado por meio da ferramenta Burp Collaborator.Esse domínio é projetado para capturar qualquer interação originada do lado do servidor, como consultas DNS, SMTP ou conexões HTTP/S realizadas como consequência da requisição manipulada.Após o envio da requisição alterada, foi possível observar, por meio do painel do Burp Collaborator, a ocorrência de uma consulta DNS do tipo A direcionada ao domínio malicioso. Esse comportamento indica que o servidor da aplicação processou o valor arbitrário fornecido no cabeçalho Host e realizou uma tentativa de resolução de nome, ou seja, o backend tentou resolver via DNS um domínio totalmente externo e controlado pelo atacante.É comum, ao testar vulnerabilidades SSRF, observar uma pesquisa de DNS para o domínio do Collaborator fornecido, mas nenhuma solicitação HTTP subsequente. Isso normalmente acontece porque o aplicativo tentou fazer uma solicitação HTTP para o domínio, o que causou a pesquisa inicial de DNS, mas a solicitação HTTP real foi bloqueada pela filtragem no nível da rede. É relativamente comum que a infraestrutura permita o tráfego DNS de saída, pois isso é necessário para muitas finalidades, mas bloqueia conexões HTTP para destinos inesperados.","Esse tipo de falha representa um risco elevado à segurança, pois demonstra que o servidor pode ser induzido a realizar conexões externas ou internas baseadas em dados controlados por um usuário remoto. A depender da infraestrutura da aplicação, essa vulnerabilidade pode ser explorada para escanear a rede interna, interagir com serviços restritos (como interfaces administrativas, bancos de dados ou serviços de metadata em ambientes cloud), interagir com serviços externos, descoberta de informações, ou mesmo realizar exfiltração de dados de forma indireta.","Validação estrita do cabeçalho Host:Configure o servidor da aplicação para aceitar apenas valores esperados e autorizados no cabeçalho Host. Idealmente, esse valor deve ser validado contra uma lista fixa de domínios válidos pertencentes à própria organização.Desabilitação de redirecionamentos e requisições dinâmicas baseadas em Host:Evite usar o cabeçalho Host como base para lógica interna de negócio, redirecionamento, ou resolução de rotas. Se necessário, essa lógica deve estar isolada e devidamente validada.Restringir resolução de nomes DNS externos:A aplicação ou o servidor onde ela está hospedada deve restringir a resolução de nomes não autorizados.",Médio,Alto,918
Injeção no cabeçalho X-Forwarded-Host (Host Header Injection),Baixo,"Alterando o cabeçalho X-Forwarded-Host, é possível manipular o header da resposta.","Ao enviar uma requisição com o parâmetro X-Forwarded-Host alterado, é possível alterar o valor do header da resposta. Como impacto é possível, por exemplo, redirecionar um usuário para outro endereço, malicioso.",Algumas das recomendações sugeridas são:Não permitir que valores arbitrários sejam inseridos no cabeçalho X-Forwarded-Host e processados pela aplicação: negar ou bloquear tais requisições.,Baixo,Baixo,644
Falsificação de Requisição do Lado do Servidor (Blind SSRF based DNS),Médio,"Durante os testes de segurança realizados, foi identificada uma vulnerabilidade do tipo Server-Side Request Forgery (SSRF), em sua forma ""blind"" e baseada em resolução de nomes DNS.Detalhes TécnicosCabeçalho manipulado: HostComportamento observado: Resolução DNS para domínio externo controladoFerramenta utilizada: Burp CollaboratorA exploração foi realizada por meio da substituição do valor legítimo do cabeçalho Host por um domínio controlado pelo analista. Esse domínio foi configurado para registrar interações do servidor, como consultas DNS ou tentativas de conexão HTTP/S.Após o envio da requisição manipulada, foi registrada uma consulta DNS do tipo A para o domínio externo, indicando que o backend processou o valor arbitrário e tentou resolvê-lo via DNS. Não houve requisição HTTP subsequente, o que sugere a presença de filtros de rede bloqueando conexões de saída HTTP, mas permitindo tráfego DNS.","Esse tipo de falha representa um risco elevado à segurança, pois demonstra que o servidor pode ser induzido a realizar conexões externas ou internas baseadas em dados controlados por um usuário remoto. A depender da infraestrutura da aplicação, essa vulnerabilidade pode ser explorada para escanear a rede interna, interagir com serviços restritos (como interfaces administrativas, bancos de dados ou serviços de metadata em ambientes cloud), interagir com serviços externos, descoberta de informações, ou mesmo realizar exfiltração de dados de forma indireta.","Validação estrita do cabeçalho Host:Configure o servidor da aplicação para aceitar apenas valores esperados e autorizados no cabeçalho Host. Idealmente, esse valor deve ser validado contra uma lista fixa de domínios válidos pertencentes à própria organização.Desabilitação de redirecionamentos e requisições dinâmicas baseadas em Host:Evite usar o cabeçalho Host como base para lógica interna de negócio, redirecionamento, ou resolução de rotas. Se necessário, essa lógica deve estar isolada e devidamente validada.Restringir resolução de nomes DNS externos:A aplicação ou o servidor onde ela está hospedada deve restringir a resolução de nomes não autorizados.",Médio,Alto,918
Sequestro de cliques (Clickjacking) PRD,Baixo,"O clickjacking, também conhecido como ""UI redress attack"", é quando um agente malicioso carrega o site alvo em algum frame (como o iframe) como primeira camada de abstração CSS e ao mesmo tempo usa várias camadas opacas como segunda camada de abstração CSS sobrepondo a primeira camada, com o objetivo de criar um layout chamativo ao clique do usuário.O usuário, ao clicar em um botão ou link dessa página maliciosa, acredita estar clicando em alguma funcionalidade da camada superior de abstração CSS, quando na verdade está executando a ação da primeira camada, o que normalmente pode ser uma troca de senha, execução de alguma ação confidencial etc. Assim, o atacante está ""seqüestrando"" os cliques do usuário, que acreditava estar clicando em algo legítimo.Usando uma técnica similar, os toques de tecla também podem ser seqüestrados. Com uma combinação cuidadosamente elaborada de stylesheets, iframes e caixas de texto, um usuário pode ser levado a acreditar que está digitando a senha no campo correto, mas digitando em um iframe invisível controlado pelo agente malicioso.",É possível roubar cliques dos usuários explorando a falha de clickjacking no site. Isto é possível pois o site permite enquadrar o seu conteúdo em um iframe não gerenciado pelo próprio.,"Algumas das recomendações sugeridas são:·        Incluir no cabeçalho de resposta as diretivas CSP (Content Security Policy), que instruem o navegador a não permitir o enquadramento (via iframe) de outros domínios.·        Incluir no cabeçalho de resposta o X-Frame-Options.Código defensivo na interface do usuário para garantir que o iframe atual seja a janela de nível superior.",Baixo,Baixo,1021
Referência Direta Insegura a Objetos (IDOR) - Partners Tag,Alto,"A aplicação não faz a devida validação se um usuário tem permissão para visualizar informações de outros usuários. Dessa forma, um agente malicioso, ao alterar determinados parâmetros, inserindo valores que não os originais, é possível obter informações confidenciais e/ou sensíveis de outros usuários, o que por padrão, não deveriam ser obtidos.","Agentes maliciosos podem obter informações de outros usuários através de manipulações de parâmetros vulneráveis. Como consequência, vazamento de informações podem ocorrer. Em determinados casos é possível alterar valores e informações críticas de outros usuários que não o próprio, ocasionando em corrupção de dados da aplicação. Além de outras, dentre as quais:Exposição de informações confidenciais: Controle total de informações da conta de outros usuários.Alteração de dados: um agente malicioso pode ter privilégios para acessar seus dados e alterá-los.","Algumas das recomendações sugeridas são:Fazer a validação se um usuário tem a devida permissão para visualizar, editar/alterar e ou atualizar informações de outros usuários.Não permitir que a alteração de parâmetros impacte a aplicação ou retorne dados de outros usuários.Enviar informações confidenciais e/ou sensíveis em canais seguros de comunicação, o que inclui, entre vários aspectos a utilização de criptografia, tokens atuais e seguros para transmissão de informações, uso de captchas e sistemas de bloqueio etc.Não utilizar valores de objetos facilmente predizíeis, como valores puramente numéricos ou combinações frágeis. Utilizar, no lugar, um identificador de objeto que em cenários de ataques de dicionário/força bruta sejam de difícil adivinhação.",Alto,Alto,639
Sequestro de cliques (Clickjacking) - Simulador Veiculos,Alto,"O clickjacking, também conhecido como ""UI redress attack"", é quando um agente malicioso carrega o site alvo em algum frame (como o iframe) como primeira camada de abstração CSS e ao mesmo tempo usa várias camadas opacas como segunda camada de abstração CSS sobrepondo a primeira camada, com o objetivo de criar um layout chamativo ao clique do usuário.O usuário, ao clicar em um botão ou link dessa página maliciosa, acredita estar clicando em alguma funcionalidade da camada superior de abstração CSS, quando na verdade está executando a ação da primeira camada, o que normalmente pode ser uma troca de senha, execução de alguma ação confidencial etc. Assim, o atacante está ""seqüestrando"" os cliques do usuário, que acreditava estar clicando em algo legítimo.Usando uma técnica similar, os toques de tecla também podem ser seqüestrados. Com uma combinação cuidadosamente elaborada de stylesheets, iframes e caixas de texto, um usuário pode ser levado a acreditar que está digitando a senha no campo correto, mas digitando em um iframe invisível controlado pelo agente malicioso.",É possível roubar cliques dos usuários explorando a falha de clickjacking no site. Isto é possível pois o site permite enquadrar o seu conteúdo em um iframe não gerenciado pelo próprio.,"Algumas das recomendações sugeridas são:·        Incluir no cabeçalho de resposta as diretivas CSP (Content Security Policy), que instruem o navegador a não permitir o enquadramento (via iframe) de outros domínios.·        Incluir no cabeçalho de resposta o X-Frame-Options.Código defensivo na interface do usuário para garantir que o iframe atual seja a janela de nível superior.",Alto,Alto,1021
Exposição de Endereço IP Interno do Servidor,Médio,"A aplicação possui um banner de dados a baixo da página de login, com várias informações, incluindo do servidor interno","Informação útil para um atacante, mesmo sem acesso à intranet, já colabora para um futuro ataque, e alocando para o lado do insider, o risco se agrava, pois o mesmo já esta dentro da intranet","Não expor de forma alguma nenhuma informação do ambiente interno que abriga a aplicação, especificamente se a aplicação estiver exposta na internet",Médio,Alto,200
Enumeração de boletos via ausência de rate limiting,Alto,Este tipo de vulnerabilidade é frequentemente encontrada em formulários que não utilizam mecanismos de defesa contra automação de requisições enviadas para o servidor,"Sistemas que utilizam serviços de envio de email, sms ou qualquer outra ferramenta que realize a cobrança por taxa de envio esse tipo de ataque pode resultar em perda financeira para empresa e também sobrecarga dos seus serviços causando retardamento e uma possível negação de serviço causando risco de negócios.",Implementar soluções de segurança contra ferramentas automatizadas como por exemplo códigos que limitam requisições continuas em um período de tempo curto ou uso de recaptchas onde o usuário passa por um processo onde tem que selecionar figuras ou responder algum tipo de pergunta para que a requisição seja validada e enviada para o servidor dessa forma realizando o controle de requisições realizadas por ferramentas automatizadas.,Alto,Alto,799
Injeção de código Javascript refletido (Cross-site Scripting) PRD,Médio,É possível injetar código Javascript na aplicação.,"Uma vez que a aplicação seja comprometida pela vulnerabilidade de XSS, qualquer ataque voltado ao lado cliente pode ser executado, a citar: roubo de valores de cookies de sessão, redirecionamento do usuário para outras páginas de controle do agente malicioso, instalação de softwares maliciosos (malwares), etc.",Algumas das recomendações sugeridas são:Não permitir que códigos Javascript sejam enviados e executados pela aplicação.Sanatizar parâmetros Javascript e HTML enviados à aplicação.,Médio,Médio,79
Enumeração de boletos via ausência de rate limiting UAT,Alto,Este tipo de vulnerabilidade é frequentemente encontrada em formulários que não utilizam mecanismos de defesa contra automação de requisições enviadas para o servidor,"Sistemas que utilizam serviços de envio de email, sms ou qualquer outra ferramenta que realize a cobrança por taxa de envio esse tipo de ataque pode resultar em perda financeira para empresa e também sobrecarga dos seus serviços causando retardamento e uma possível negação de serviço causando risco de negócios.",Implementar soluções de segurança contra ferramentas automatizadas como por exemplo códigos que limitam requisições continuas em um período de tempo curto ou uso de recaptchas onde o usuário passa por um processo onde tem que selecionar figuras ou responder algum tipo de pergunta para que a requisição seja validada e enviada para o servidor dessa forma realizando o controle de requisições realizadas por ferramentas automatizadas.,Alto,Alto,799
Referência Direta Insegura a Objetos (IDOR) UAT,Alto,"A aplicação não faz a devida validação se um usuário tem permissão para visualizar informações de outros usuários. Dessa forma, um agente malicioso, ao alterar determinados parâmetros, inserindo valores que não os originais, é possível obter informações confidenciais e/ou sensíveis de outros usuários, o que por padrão, não deveriam ser obtidos.","Agentes maliciosos podem obter informações de outros usuários através de manipulações de parâmetros vulneráveis. Como consequência, vazamento de informações podem ocorrer. Em determinados casos é possível alterar valores e informações críticas de outros usuários que não o próprio, ocasionando em corrupção de dados da aplicação. Além de outras, dentre as quais:Exposição de informações confidenciais: Controle total de informações da conta de outros usuários.Alteração de dados: um agente malicioso pode ter privilégios para acessar seus dados e alterá-los.","Algumas das recomendações sugeridas são:Fazer a validação se um usuário tem a devida permissão para visualizar, editar/alterar e ou atualizar informações de outros usuários.Não permitir que a alteração de parâmetros impacte a aplicação ou retorne dados de outros usuários.Enviar informações confidenciais e/ou sensíveis em canais seguros de comunicação, o que inclui, entre vários aspectos a utilização de criptografia, tokens atuais e seguros para transmissão de informações, uso de captchas e sistemas de bloqueio etc.Não utilizar valores de objetos facilmente predizíeis, como valores puramente numéricos ou combinações frágeis. Utilizar, no lugar, um identificador de objeto que em cenários de ataques de dicionário/força bruta sejam de difícil adivinhação.",Alto,Alto,639
Bypass via Requisição Direta ao Servidor,Médio,"Durante os testes de segurança no ambiente, foi identificado que o sistema realiza validação apenas no lado do cliente (client-side). Ao inserir um valor inválida, o sistema exibe a mensagem de erro, que o dado inserido é invalido ou que não é possível dar continuidade e desabilita o botão de continuação utilizando o atributo HTML disabled.No entanto, ao inspecionar a página com as ferramentas de desenvolvedor do navegador, é possível remover manualmente o atributo disabled do botão. Após essa ação, o botão é reabilitado e permite que o usuário continue o fluxo, mesmo inserindo um dado inválida. Isso evidencia uma falha de validação exclusivamente client-side, que pode ser facilmente contornada.",Segurança: Usuários mal-intencionados podem manipular o DOM para burlar validações e enviar dados inválidos ao servidor.Integridade dos dados: Informações inconsistentes ou inválidas podem ser processadas pelo sistema.Conformidade: Pode violar requisitos de segurança e qualidade de dados exigidos por normas ou regulamentações.Experiência do usuário: Pode gerar comportamentos inesperados ou falhas no processo de simulação.,"Implementar validação server-side: Toda validação crítica deve ser replicada e reforçada no servidor, independentemente da validação client-side.Evitar confiar apenas em atributos HTML como disabled: Eles são facilmente manipuláveis por ferramentas de desenvolvedor.Auditar o fluxo de entrada de dados: Verificar se outras etapas do processo também dependem exclusivamente de validações client-side.Monitorar requisições suspeitas: Implementar logs e alertas para identificar tentativas de envio de dados inválidos.",Médio,Médio,
Exposição de informações (informações internas do servidor),Info,"Ao acessar a aplicação, é exibida uma página padrão do Microsoft IIS que revela informações sobre o ambiente de hospedagem, incluindo detalhes do servidor onde o serviço está em execução.","Exposição de informações sensíveis: A página padrão do IIS pode revelar detalhes sobre o servidor, como versão do IIS, sistema operacional, e outras configurações que podem ser exploradas por agentes mal-intencionados.Percepção de falta de profissionalismo: Para usuários finais, ver uma página genérica em vez da interface da aplicação pode causar confusão e transmitir a impressão de que o sistema está incompleto ou mal configurado.Risco de segurança: Servidores que exibem páginas padrão estão frequentemente associados a ambientes mal protegidos ou em fase de testes, o que pode atrair tentativas de exploração automatizadas.","Exposição de informações sensíveis: A página padrão do IIS pode revelar detalhes sobre o servidor, como versão do IIS, sistema operacional, e outras configurações que podem ser exploradas por agentes mal-intencionados.Percepção de falta de profissionalismo: Para usuários finais, ver uma página genérica em vez da interface da aplicação pode causar confusão e transmitir a impressão de que o sistema está incompleto ou mal configurado.Risco de segurança: Servidores que exibem páginas padrão estão frequentemente associados a ambientes mal protegidos ou em fase de testes, o que pode atrair tentativas de exploração automatizadas.",Info,Info,
Acesso Indevido a Propostas e CPFs de Parceiros (IDOR),Alto,"A aplicação não faz a devida validação se um usuário tem permissão para visualizar informações de outros usuários. Dessa forma, um agente malicioso, ao alterar determinados parâmetros, inserindo valores que não os originais, é possível obter informações confidenciais e/ou sensíveis de outros usuários, o que por padrão, não deveriam ser obtidos.","Agentes maliciosos podem obter informações de outros usuários através de manipulações de parâmetros vulneráveis. Como consequência, vazamento de informações podem ocorrer. Em determinados casos é possível alterar valores e informações críticas de outros usuários que não o próprio, ocasionando em corrupção de dados da aplicação. Além de outras, dentre as quais:Exposição de informações confidenciais: Controle total de informações da conta de outros usuários.Alteração de dados: um agente malicioso pode ter privilégios para acessar seus dados e alterá-los.","Algumas das recomendações sugeridas são:Fazer a validação se um usuário tem a devida permissão para visualizar, editar/alterar e ou atualizar informações de outros usuários.Não permitir que a alteração de parâmetros impacte a aplicação ou retorne dados de outros usuários.Enviar informações confidenciais e/ou sensíveis em canais seguros de comunicação, o que inclui, entre vários aspectos a utilização de criptografia, tokens atuais e seguros para transmissão de informações, uso de captchas e sistemas de bloqueio etc.Não utilizar valores de objetos facilmente predizíeis, como valores puramente numéricos ou combinações frágeis. Utilizar, no lugar, um identificador de objeto que em cenários de ataques de dicionário/força bruta sejam de difícil adivinhação.",Alto,Alto,639
Comprometimento de Dados de Parceiros  (IDOR),Alto,"A aplicação não faz a devida validação se um usuário tem permissão para visualizar informações de outros usuários. Dessa forma, um agente malicioso, ao alterar determinados parâmetros, inserindo valores que não os originais, é possível obter informações confidenciais e/ou sensíveis de outros usuários, o que por padrão, não deveriam ser obtidos.","Agentes maliciosos podem obter informações de outros usuários através de manipulações de parâmetros vulneráveis. Como consequência, vazamento de informações podem ocorrer. Em determinados casos é possível alterar valores e informações críticas de outros usuários que não o próprio, ocasionando em corrupção de dados da aplicação. Além de outras, dentre as quais:Exposição de informações confidenciais: Controle total de informações da conta de outros usuários.Alteração de dados: um agente malicioso pode ter privilégios para acessar seus dados e alterá-los.","Algumas das recomendações sugeridas são:Fazer a validação se um usuário tem a devida permissão para visualizar, editar/alterar e ou atualizar informações de outros usuários.Não permitir que a alteração de parâmetros impacte a aplicação ou retorne dados de outros usuários.Enviar informações confidenciais e/ou sensíveis em canais seguros de comunicação, o que inclui, entre vários aspectos a utilização de criptografia, tokens atuais e seguros para transmissão de informações, uso de captchas e sistemas de bloqueio etc.Não utilizar valores de objetos facilmente predizíeis, como valores puramente numéricos ou combinações frágeis. Utilizar, no lugar, um identificador de objeto que em cenários de ataques de dicionário/força bruta sejam de difícil adivinhação.",Alto,Alto,639
Publicação de Propostas em Parceiros - Solar (IDOR),Alto,"A aplicação não faz a devida validação se um usuário tem permissão para visualizar informações de outros usuários. Dessa forma, um agente malicioso, ao alterar determinados parâmetros, inserindo valores que não os originais, é possível obter informações confidenciais e/ou sensíveis de outros usuários, o que por padrão, não deveriam ser obtidos.","Agentes maliciosos podem obter informações de outros usuários através de manipulações de parâmetros vulneráveis. Como consequência, vazamento de informações podem ocorrer. Em determinados casos é possível alterar valores e informações críticas de outros usuários que não o próprio, ocasionando em corrupção de dados da aplicação. Além de outras, dentre as quais:Exposição de informações confidenciais: Controle total de informações da conta de outros usuários.Alteração de dados: um agente malicioso pode ter privilégios para acessar seus dados e alterá-los.","Algumas das recomendações sugeridas são:Fazer a validação se um usuário tem a devida permissão para visualizar, editar/alterar e ou atualizar informações de outros usuários.Não permitir que a alteração de parâmetros impacte a aplicação ou retorne dados de outros usuários.Enviar informações confidenciais e/ou sensíveis em canais seguros de comunicação, o que inclui, entre vários aspectos a utilização de criptografia, tokens atuais e seguros para transmissão de informações, uso de captchas e sistemas de bloqueio etc.Não utilizar valores de objetos facilmente predizíeis, como valores puramente numéricos ou combinações frágeis. Utilizar, no lugar, um identificador de objeto que em cenários de ataques de dicionário/força bruta sejam de difícil adivinhação.",Alto,Alto,639
IDOR Publicação de anúncios em múltiplas lojas,Alto,"A aplicação não faz a devida validação se um usuário tem permissão para visualizar informações de outros usuários. Dessa forma, um agente malicioso, ao alterar determinados parâmetros, inserindo valores que não os originais, é possível obter informações confidenciais e/ou sensíveis de outros usuários, o que por padrão, não deveriam ser obtidos.","Agentes maliciosos podem obter informações de outros usuários através de manipulações de parâmetros vulneráveis. Como consequência, vazamento de informações podem ocorrer. Em determinados casos é possível alterar valores e informações críticas de outros usuários que não o próprio, ocasionando em corrupção de dados da aplicação. Além de outras, dentre as quais:Exposição de informações confidenciais: Controle total de informações da conta de outros usuários.Alteração de dados: um agente malicioso pode ter privilégios para acessar seus dados e alterá-los.","Algumas das recomendações sugeridas são:Fazer a validação se um usuário tem a devida permissão para visualizar, editar/alterar e ou atualizar informações de outros usuários.Não permitir que a alteração de parâmetros impacte a aplicação ou retorne dados de outros usuários.Enviar informações confidenciais e/ou sensíveis em canais seguros de comunicação, o que inclui, entre vários aspectos a utilização de criptografia, tokens atuais e seguros para transmissão de informações, uso de captchas e sistemas de bloqueio etc.Não utilizar valores de objetos facilmente predizíeis, como valores puramente numéricos ou combinações frágeis. Utilizar, no lugar, um identificador de objeto que em cenários de ataques de dicionário/força bruta sejam de difícil adivinhação.",Alto,Alto,639
Leitura não autorizada de leads (IDOR / BOLA → confidencialidade),Alto,"A aplicação não faz a devida validação se um usuário tem permissão para visualizar informações de outros usuários. Dessa forma, um agente malicioso, ao alterar determinados parâmetros, inserindo valores que não os originais, é possível obter informações confidenciais e/ou sensíveis de outros usuários, o que por padrão, não deveriam ser obtidos.","Agentes maliciosos podem obter informações de outros usuários através de manipulações de parâmetros vulneráveis. Como consequência, vazamento de informações podem ocorrer. Em determinados casos é possível alterar valores e informações críticas de outros usuários que não o próprio, ocasionando em corrupção de dados da aplicação. Além de outras, dentre as quais:Exposição de informações confidenciais: Controle total de informações da conta de outros usuários.Alteração de dados: um agente malicioso pode ter privilégios para acessar seus dados e alterá-los.","Algumas das recomendações sugeridas são:Fazer a validação se um usuário tem a devida permissão para visualizar, editar/alterar e ou atualizar informações de outros usuários.Não permitir que a alteração de parâmetros impacte a aplicação ou retorne dados de outros usuários.Enviar informações confidenciais e/ou sensíveis em canais seguros de comunicação, o que inclui, entre vários aspectos a utilização de criptografia, tokens atuais e seguros para transmissão de informações, uso de captchas e sistemas de bloqueio etc.Não utilizar valores de objetos facilmente predizíeis, como valores puramente numéricos ou combinações frágeis. Utilizar, no lugar, um identificador de objeto que em cenários de ataques de dicionário/força bruta sejam de difícil adivinhação.",Alto,Alto,639
Exposição de Integrações de Lojas Concorrentes (IDOR),Alto,"A aplicação não faz a devida validação se um usuário tem permissão para visualizar informações de outros usuários. Dessa forma, um agente malicioso, ao alterar determinados parâmetros, inserindo valores que não os originais, é possível obter informações confidenciais e/ou sensíveis de outros usuários, o que por padrão, não deveriam ser obtidos.","Agentes maliciosos podem obter informações de outros usuários através de manipulações de parâmetros vulneráveis. Como consequência, vazamento de informações podem ocorrer. Em determinados casos é possível alterar valores e informações críticas de outros usuários que não o próprio, ocasionando em corrupção de dados da aplicação. Além de outras, dentre as quais:Exposição de informações confidenciais: Controle total de informações da conta de outros usuários.Alteração de dados: um agente malicioso pode ter privilégios para acessar seus dados e alterá-los.","Algumas das recomendações sugeridas são:Fazer a validação se um usuário tem a devida permissão para visualizar, editar/alterar e ou atualizar informações de outros usuários.Não permitir que a alteração de parâmetros impacte a aplicação ou retorne dados de outros usuários.Enviar informações confidenciais e/ou sensíveis em canais seguros de comunicação, o que inclui, entre vários aspectos a utilização de criptografia, tokens atuais e seguros para transmissão de informações, uso de captchas e sistemas de bloqueio etc.Não utilizar valores de objetos facilmente predizíeis, como valores puramente numéricos ou combinações frágeis. Utilizar, no lugar, um identificador de objeto que em cenários de ataques de dicionário/força bruta sejam de difícil adivinhação.",Alto,Alto,639
Leitura não autorizada de preferências de remarketing de estoque (IDOR),Alto,"A aplicação não faz a devida validação se um usuário tem permissão para visualizar informações de outros usuários. Dessa forma, um agente malicioso, ao alterar determinados parâmetros, inserindo valores que não os originais, é possível obter informações confidenciais e/ou sensíveis de outros usuários, o que por padrão, não deveriam ser obtidos.","Agentes maliciosos podem obter informações de outros usuários através de manipulações de parâmetros vulneráveis. Como consequência, vazamento de informações podem ocorrer. Em determinados casos é possível alterar valores e informações críticas de outros usuários que não o próprio, ocasionando em corrupção de dados da aplicação. Além de outras, dentre as quais:Exposição de informações confidenciais: Controle total de informações da conta de outros usuários.Alteração de dados: um agente malicioso pode ter privilégios para acessar seus dados e alterá-los.","Algumas das recomendações sugeridas são:Fazer a validação se um usuário tem a devida permissão para visualizar, editar/alterar e ou atualizar informações de outros usuários.Não permitir que a alteração de parâmetros impacte a aplicação ou retorne dados de outros usuários.Enviar informações confidenciais e/ou sensíveis em canais seguros de comunicação, o que inclui, entre vários aspectos a utilização de criptografia, tokens atuais e seguros para transmissão de informações, uso de captchas e sistemas de bloqueio etc.Não utilizar valores de objetos facilmente predizíeis, como valores puramente numéricos ou combinações frágeis. Utilizar, no lugar, um identificador de objeto que em cenários de ataques de dicionário/força bruta sejam de difícil adivinhação.",Alto,Alto,639
Exposição Massiva de Dados via IDOR Público,Alto,"A aplicação não faz a devida validação se um usuário tem permissão para visualizar informações de outros usuários. Dessa forma, um agente malicioso, ao alterar determinados parâmetros, inserindo valores que não os originais, é possível obter informações confidenciais e/ou sensíveis de outros usuários, o que por padrão, não deveriam ser obtidos.","Agentes maliciosos podem obter informações de outros usuários através de manipulações de parâmetros vulneráveis. Como consequência, vazamento de informações podem ocorrer. Em determinados casos é possível alterar valores e informações críticas de outros usuários que não o próprio, ocasionando em corrupção de dados da aplicação. Além de outras, dentre as quais:Exposição de informações confidenciais: Controle total de informações da conta de outros usuários.Alteração de dados: um agente malicioso pode ter privilégios para acessar seus dados e alterá-los.","Algumas das recomendações sugeridas são:Fazer a validação se um usuário tem a devida permissão para visualizar, editar/alterar e ou atualizar informações de outros usuários.Não permitir que a alteração de parâmetros impacte a aplicação ou retorne dados de outros usuários.Enviar informações confidenciais e/ou sensíveis em canais seguros de comunicação, o que inclui, entre vários aspectos a utilização de criptografia, tokens atuais e seguros para transmissão de informações, uso de captchas e sistemas de bloqueio etc.Não utilizar valores de objetos facilmente predizíeis, como valores puramente numéricos ou combinações frágeis. Utilizar, no lugar, um identificador de objeto que em cenários de ataques de dicionário/força bruta sejam de difícil adivinhação.",Alto,Alto,639
Publicação de anúncios em múltiplas lojas (IDOR),Alto,"A aplicação não faz a devida validação se um usuário tem permissão para visualizar informações de outros usuários. Dessa forma, um agente malicioso, ao alterar determinados parâmetros, inserindo valores que não os originais, é possível obter informações confidenciais e/ou sensíveis de outros usuários, o que por padrão, não deveriam ser obtidos.","Agentes maliciosos podem obter informações de outros usuários através de manipulações de parâmetros vulneráveis. Como consequência, vazamento de informações podem ocorrer. Em determinados casos é possível alterar valores e informações críticas de outros usuários que não o próprio, ocasionando em corrupção de dados da aplicação. Além de outras, dentre as quais:Exposição de informações confidenciais: Controle total de informações da conta de outros usuários.Alteração de dados: um agente malicioso pode ter privilégios para acessar seus dados e alterá-los.","Algumas das recomendações sugeridas são:Fazer a validação se um usuário tem a devida permissão para visualizar, editar/alterar e ou atualizar informações de outros usuários.Não permitir que a alteração de parâmetros impacte a aplicação ou retorne dados de outros usuários.Enviar informações confidenciais e/ou sensíveis em canais seguros de comunicação, o que inclui, entre vários aspectos a utilização de criptografia, tokens atuais e seguros para transmissão de informações, uso de captchas e sistemas de bloqueio etc.Não utilizar valores de objetos facilmente predizíeis, como valores puramente numéricos ou combinações frágeis. Utilizar, no lugar, um identificador de objeto que em cenários de ataques de dicionário/força bruta sejam de difícil adivinhação.",Alto,Alto,639
Leitura não autorizada de leads (IDOR) - PT1,Alto,"A aplicação não faz a devida validação se um usuário tem permissão para visualizar informações de outros usuários. Dessa forma, um agente malicioso, ao alterar determinados parâmetros, inserindo valores que não os originais, é possível obter informações confidenciais e/ou sensíveis de outros usuários, o que por padrão, não deveriam ser obtidos.","Agentes maliciosos podem obter informações de outros usuários através de manipulações de parâmetros vulneráveis. Como consequência, vazamento de informações podem ocorrer. Em determinados casos é possível alterar valores e informações críticas de outros usuários que não o próprio, ocasionando em corrupção de dados da aplicação. Além de outras, dentre as quais:Exposição de informações confidenciais: Controle total de informações da conta de outros usuários.Alteração de dados: um agente malicioso pode ter privilégios para acessar seus dados e alterá-los.","Algumas das recomendações sugeridas são:Fazer a validação se um usuário tem a devida permissão para visualizar, editar/alterar e ou atualizar informações de outros usuários.Não permitir que a alteração de parâmetros impacte a aplicação ou retorne dados de outros usuários.Enviar informações confidenciais e/ou sensíveis em canais seguros de comunicação, o que inclui, entre vários aspectos a utilização de criptografia, tokens atuais e seguros para transmissão de informações, uso de captchas e sistemas de bloqueio etc.Não utilizar valores de objetos facilmente predizíeis, como valores puramente numéricos ou combinações frágeis. Utilizar, no lugar, um identificador de objeto que em cenários de ataques de dicionário/força bruta sejam de difícil adivinhação.",Alto,Alto,639
Alteração indevida de preferências de estoque (IDOR) - PT2,Alto,"A aplicação não faz a devida validação se um usuário tem permissão para visualizar informações de outros usuários. Dessa forma, um agente malicioso, ao alterar determinados parâmetros, inserindo valores que não os originais, é possível obter informações confidenciais e/ou sensíveis de outros usuários, o que por padrão, não deveriam ser obtidos.","Agentes maliciosos podem obter informações de outros usuários através de manipulações de parâmetros vulneráveis. Como consequência, vazamento de informações podem ocorrer. Em determinados casos é possível alterar valores e informações críticas de outros usuários que não o próprio, ocasionando em corrupção de dados da aplicação. Além de outras, dentre as quais:Exposição de informações confidenciais: Controle total de informações da conta de outros usuários.Alteração de dados: um agente malicioso pode ter privilégios para acessar seus dados e alterá-los.","Algumas das recomendações sugeridas são:Fazer a validação se um usuário tem a devida permissão para visualizar, editar/alterar e ou atualizar informações de outros usuários.Não permitir que a alteração de parâmetros impacte a aplicação ou retorne dados de outros usuários.Enviar informações confidenciais e/ou sensíveis em canais seguros de comunicação, o que inclui, entre vários aspectos a utilização de criptografia, tokens atuais e seguros para transmissão de informações, uso de captchas e sistemas de bloqueio etc.Não utilizar valores de objetos facilmente predizíeis, como valores puramente numéricos ou combinações frágeis. Utilizar, no lugar, um identificador de objeto que em cenários de ataques de dicionário/força bruta sejam de difícil adivinhação.",Alto,Alto,639
Leitura não autorizada de preferências de estoque (IDOR) - PT1,Alto,"A aplicação não faz a devida validação se um usuário tem permissão para visualizar informações de outros usuários. Dessa forma, um agente malicioso, ao alterar determinados parâmetros, inserindo valores que não os originais, é possível obter informações confidenciais e/ou sensíveis de outros usuários, o que por padrão, não deveriam ser obtidos.","Agentes maliciosos podem obter informações de outros usuários através de manipulações de parâmetros vulneráveis. Como consequência, vazamento de informações podem ocorrer. Em determinados casos é possível alterar valores e informações críticas de outros usuários que não o próprio, ocasionando em corrupção de dados da aplicação. Além de outras, dentre as quais:Exposição de informações confidenciais: Controle total de informações da conta de outros usuários.Alteração de dados: um agente malicioso pode ter privilégios para acessar seus dados e alterá-los.","Algumas das recomendações sugeridas são:Fazer a validação se um usuário tem a devida permissão para visualizar, editar/alterar e ou atualizar informações de outros usuários.Não permitir que a alteração de parâmetros impacte a aplicação ou retorne dados de outros usuários.Enviar informações confidenciais e/ou sensíveis em canais seguros de comunicação, o que inclui, entre vários aspectos a utilização de criptografia, tokens atuais e seguros para transmissão de informações, uso de captchas e sistemas de bloqueio etc.Não utilizar valores de objetos facilmente predizíeis, como valores puramente numéricos ou combinações frágeis. Utilizar, no lugar, um identificador de objeto que em cenários de ataques de dicionário/força bruta sejam de difícil adivinhação.",Alto,Alto,639
Modificação não autorizada de leads (IDOR) - PT2,Alto,APIs tendem a expor endpoints para manipulação de objetos internos criando uma ampla camada de ataque ao controle de nível de acesso. O controle de autorização deve ser verificado em toda função que tenha acesso à fontes de dados que utilizem dados enviados pelo usuário.,"O acesso não autorizado pode resultar no vazamento de dados à partes não autorizadas, perda ou manipulação de dados.",Implementar mecanismo apropriado de autorização de acesso baseado em políticas e hierarquias.Utilizar uma autorização para verificar se o usuário pode acessar e executar ações nos registros em todas as funções que utilizam input do usuário para acessar dados.Preferir utilizar valores randômicos como GUIs para IDs de registros.,Alto,Alto,284
Exposição Massiva de Dados (IDOR),Alto,"A aplicação não faz a devida validação se um usuário tem permissão para visualizar informações de outros usuários. Dessa forma, um agente malicioso, ao alterar determinados parâmetros, inserindo valores que não os originais, é possível obter informações confidenciais e/ou sensíveis de outros usuários, o que por padrão, não deveriam ser obtidos.","Agentes maliciosos podem obter informações de outros usuários através de manipulações de parâmetros vulneráveis. Como consequência, vazamento de informações podem ocorrer. Em determinados casos é possível alterar valores e informações críticas de outros usuários que não o próprio, ocasionando em corrupção de dados da aplicação. Além de outras, dentre as quais:Exposição de informações confidenciais: Controle total de informações da conta de outros usuários.Alteração de dados: um agente malicioso pode ter privilégios para acessar seus dados e alterá-los.","Algumas das recomendações sugeridas são:Fazer a validação se um usuário tem a devida permissão para visualizar, editar/alterar e ou atualizar informações de outros usuários.Não permitir que a alteração de parâmetros impacte a aplicação ou retorne dados de outros usuários.Enviar informações confidenciais e/ou sensíveis em canais seguros de comunicação, o que inclui, entre vários aspectos a utilização de criptografia, tokens atuais e seguros para transmissão de informações, uso de captchas e sistemas de bloqueio etc.Não utilizar valores de objetos facilmente predizíeis, como valores puramente numéricos ou combinações frágeis. Utilizar, no lugar, um identificador de objeto que em cenários de ataques de dicionário/força bruta sejam de difícil adivinhação.",Alto,Alto,639
Enumeração de Agentes Certificados no Fluxo de Propostas PPAR – Veículos (IDOR),Alto,"A aplicação não faz a devida validação se um usuário tem permissão para visualizar informações de outros usuários. Dessa forma, um agente malicioso, ao alterar determinados parâmetros, inserindo valores que não os originais, é possível obter informações confidenciais e/ou sensíveis de outros usuários, o que por padrão, não deveriam ser obtidos.","Agentes maliciosos podem obter informações de outros usuários através de manipulações de parâmetros vulneráveis. Como consequência, vazamento de informações podem ocorrer. Em determinados casos é possível alterar valores e informações críticas de outros usuários que não o próprio, ocasionando em corrupção de dados da aplicação. Além de outras, dentre as quais:Exposição de informações confidenciais: Controle total de informações da conta de outros usuários.Alteração de dados: um agente malicioso pode ter privilégios para acessar seus dados e alterá-los.","Algumas das recomendações sugeridas são:Fazer a validação se um usuário tem a devida permissão para visualizar, editar/alterar e ou atualizar informações de outros usuários.Não permitir que a alteração de parâmetros impacte a aplicação ou retorne dados de outros usuários.Enviar informações confidenciais e/ou sensíveis em canais seguros de comunicação, o que inclui, entre vários aspectos a utilização de criptografia, tokens atuais e seguros para transmissão de informações, uso de captchas e sistemas de bloqueio etc.Não utilizar valores de objetos facilmente predizíeis, como valores puramente numéricos ou combinações frágeis. Utilizar, no lugar, um identificador de objeto que em cenários de ataques de dicionário/força bruta sejam de difícil adivinhação.",Alto,Alto,639
Publicação de Propostas em Parceiros - Veículos (IDOR),Alto,"Durante o processo de Ethical Hacking Test, foi identificada uma vulnerabilidade do tipo IDOR (Insecure Direct Object Reference) na funcionalidade Publicação de Propostas em Parceiros - Veículos. Ao clicar na opção “Nova proposta”, o sistema não valida corretamente a autorização do usuário, permitindo que um atacante, conhecendo apenas o ID do agente certificado da loja, consiga publicar propostas indevidamente. Além disso, foi possível enumerar os agentes certificados, ampliando o risco de exploração.","Essa falha permite que um usuário não autorizado publique propostas em nome de parceiros, comprometendo a integridade dos dados e possibilitando fraudes comerciais. Também expõe informações sensíveis (IDs de agentes), aumentando a superfície de ataque.","Algumas das recomendações sugeridas são:Implementar validação robusta no back-end para garantir que apenas usuários autorizados possam publicar propostas.Evitar exposição direta de IDs sensíveis e aplicar tokens ou UUIDs.Adotar verificação de autorização baseada em contexto (ex.: usuário logado, vínculo com parceiro).Monitorar e registrar tentativas de acesso indevido.",Alto,Alto,639
Acesso a vouchers (IDOR),Alto,"A aplicação não faz a devida validação se um usuário tem permissão para visualizar informações de outros usuários. Dessa forma, um agente malicioso, consegue enumerar ids de vouchers de outros usuários através de plataformas como o intelx, e obter acessos a informações internas de outros usuários","Agentes maliciosos podem obter informações de outros usuários através de manipulações de parâmetros vulneráveis. Como consequência, vazamento de informações podem ocorrer. Em determinados casos é possível alterar valores e informações críticas de outros usuários que não o próprio, ocasionando em corrupção de dados da aplicação. Além de outras, dentre as quais:Exposição de informações confidenciais: Controle total de informações da conta de outros usuários.Alteração de dados: um agente malicioso pode ter privilégios para acessar seus dados e alterá-los.","Algumas das recomendações sugeridas são:Fazer a validação se um usuário tem a devida permissão para visualizar, editar/alterar e ou atualizar informações de outros usuários.Não permitir que a alteração de parâmetros impacte a aplicação ou retorne dados de outros usuários.Enviar informações confidenciais e/ou sensíveis em canais seguros de comunicação, o que inclui, entre vários aspectos a utilização de criptografia, tokens atuais e seguros para transmissão de informações, uso de captchas e sistemas de bloqueio etc.Não utilizar valores de objetos facilmente predizíeis, como valores puramente numéricos ou combinações frágeis. Utilizar, no lugar, um identificador de objeto que em cenários de ataques de dicionário/força bruta sejam de difícil adivinhação.",Alto,Alto,639
Enumeração de Agentes Certificados no Fluxo de Propostas PPAR – Solar (IDOR),Alto,"A aplicação não faz a devida validação se um usuário tem permissão para visualizar informações de outros usuários. Dessa forma, um agente malicioso, ao alterar determinados parâmetros, inserindo valores que não os originais, é possível obter informações confidenciais e/ou sensíveis de outros usuários, o que por padrão, não deveriam ser obtidos.","Agentes maliciosos podem obter informações de outros usuários através de manipulações de parâmetros vulneráveis. Como consequência, vazamento de informações podem ocorrer. Em determinados casos é possível alterar valores e informações críticas de outros usuários que não o próprio, ocasionando em corrupção de dados da aplicação. Além de outras, dentre as quais:Exposição de informações confidenciais: Controle total de informações da conta de outros usuários.Alteração de dados: um agente malicioso pode ter privilégios para acessar seus dados e alterá-los.","Algumas das recomendações sugeridas são:Fazer a validação se um usuário tem a devida permissão para visualizar, editar/alterar e ou atualizar informações de outros usuários.Não permitir que a alteração de parâmetros impacte a aplicação ou retorne dados de outros usuários.Enviar informações confidenciais e/ou sensíveis em canais seguros de comunicação, o que inclui, entre vários aspectos a utilização de criptografia, tokens atuais e seguros para transmissão de informações, uso de captchas e sistemas de bloqueio etc.Não utilizar valores de objetos facilmente predizíeis, como valores puramente numéricos ou combinações frágeis. Utilizar, no lugar, um identificador de objeto que em cenários de ataques de dicionário/força bruta sejam de difícil adivinhação.",Alto,Alto,639
Obter estatísticas de qualquer seller (IDOR),Médio,"A aplicação não faz a devida validação se um usuário tem permissão para visualizar informações de outros usuários. Dessa forma, um agente malicioso, ao alterar o id do seller pode buscar estatísticas de outro seller","Agentes maliciosos podem obter informações de outros usuários através de manipulações de parâmetros vulneráveis. Como consequência, vazamento de informações podem ocorrer. Em determinados casos é possível alterar valores e informações críticas de outros usuários que não o próprio, ocasionando em corrupção de dados da aplicação. Além de outras, dentre as quais:Exposição de informações confidenciais: Controle total de informações da conta de outros usuários.Alteração de dados: um agente malicioso pode ter privilégios para acessar seus dados e alterá-los.","Algumas das recomendações sugeridas são:Fazer a validação se um usuário tem a devida permissão para visualizar, editar/alterar e ou atualizar informações de outros usuários.Não permitir que a alteração de parâmetros impacte a aplicação ou retorne dados de outros usuários.Enviar informações confidenciais e/ou sensíveis em canais seguros de comunicação, o que inclui, entre vários aspectos a utilização de criptografia, tokens atuais e seguros para transmissão de informações, uso de captchas e sistemas de bloqueio etc.Não utilizar valores de objetos facilmente predizíeis, como valores puramente numéricos ou combinações frágeis. Utilizar, no lugar, um identificador de objeto que em cenários de ataques de dicionário/força bruta sejam de difícil adivinhação.",Médio,Médio,639
Divulgação de Classes Internas na Resposta do Servidor,Baixo,A aplicação não trata corretamente as condições de erro e acaba por retornar informações internas e/ou sensíveis na resposta HTTP. O vazamento de tais informações poderá propiciar ao agente malicioso a elaboração de um plano de ataque mais refinado e consistente.,A aplicação retorna informações internas por meio de mensagens de erro. Tais informações podem ser usadas por atacantes ou agentes maliciosos para enumeração da aplicação e servidor para um futuro ataque a lógica da aplicação ou bibliotecas e frameworks de terceiros.,"Algumas das recomendações sugeridas são:Tratar erros em nível de servidor ou aplicação.Realizar o tratamento das informações de saída que a aplicação retorna ao usuário.Analisar e corrigir parâmetros de entrada e variáveis inadequadamente sanatizadas das requisições HTTP que causaram o erro na aplicação. Corrigindo-as, as mensagens de erro não devem ser exibidas.",Baixo,Baixo,359
Coleta de Informações de Seguros e Segurados via Referência Direta Insegura a Objetos (IDOR),Médio,"A aplicação não implementa controles adequados para verificar se o usuário tem permissão para acessar informações de seguros e segurados. Por meio de uma vulnerabilidade de Referência Direta Insegura a Objetos (IDOR) presente na própria URL, um agente malicioso pode alterar identificadores diretamente no caminho da requisição (por exemplo, IDs de apólices ou segurados) e, assim, obter dados confidenciais e/ou sensíveis de outros segurados, o que, por padrão, não deveria ser acessível.","A vulnerabilidade permite que agentes maliciosos explorem identificadores presentes na URL para acessar informações de seguros e segurados sem autorização. Isso pode resultar em:Exposição de informações confidenciais: Dados pessoais, detalhes de apólices, histórico de sinistros e outras informações sensíveis podem ser acessados indevidamente, comprometendo a privacidade dos segurados.Alteração de dados críticos: Em cenários mais graves, um invasor pode modificar informações relacionadas a apólices ou dados cadastrais de outros segurados, causando corrupção de dados e possíveis fraudes.Risco de fraude e engenharia social: Com acesso a dados detalhados, agentes maliciosos podem realizar fraudes financeiras, criar perfis falsos ou usar as informações para ataques direcionados.Quebra de conformidade regulatória: Vazamento de dados sensíveis pode violar normas como LGPD, acarretando penalidades legais e danos à reputação da empresa.","Implementar validação rigorosa de autorização para garantir que o usuário tenha permissão para acessar informações de seguros e segurados antes de processar qualquer requisição baseada em identificadores presentes na URL.Evitar que a manipulação de identificadores na URL (por exemplo, IDs de apólices ou segurados) permita acesso a dados de outros usuários. Toda requisição deve ser validada contra a identidade e permissões do usuário autenticado.Não utilizar identificadores previsíveis (como números sequenciais) na URL. Em vez disso, adotar identificadores aleatórios ou tokens opacos, dificultando ataques baseados em força bruta ou enumeração.",Médio,Médio,639
Enumeração de Seguros e Segurados via Ausência de Limite de Requisições (Rate Limiting),Médio,"A aplicação não implementa um mecanismo de limitação de taxa de requisições (Rate Limiting), permitindo que um atacante envie um grande volume de requisições sem restrição. Essa falha possibilita a enumeração sistemática de seguros e segurados, expondo dados sensíveis e aumentando o risco de vazamento de informações. Além disso, pode facilitar outros ataques, como brute force e scraping, comprometendo a confidencialidade e a disponibilidade da aplicação.","Facilita a enumeração de seguros e segurados, permitindo que atacantes realizem consultas automatizadas para identificar dados sensíveis de forma sistemática.Amplia a exposição de informações por meio de extração massiva (scraping), comprometendo a confidencialidade dos dados.Pode causar degradação de desempenho ou indisponibilidade (DoS) devido ao alto volume de requisições automatizadas.","Implementar um mecanismo eficaz de limitação de taxa de requisições (Rate Limiting) para prevenir ataques automatizados que possam resultar na enumeração de seguros e segurados. Recomenda-se:Rate Limiting baseado em IP, usuário ou token, com limites configurados por intervalo de tempo.Throttling para reduzir gradualmente a velocidade de respostas quando padrões abusivos forem detectados.Monitoramento contínuo e alertas para identificar comportamentos anômalos.",Médio,Médio,799
Tentativa de Enumeração de Seguros e Segurados via Ausência de Limite de Requisições (Rate Limiting) Efetiva.,Médio,"A aplicação não implementa um mecanismo de limitação de taxa de requisições (Rate Limiting), permitindo que um atacante envie um grande volume de requisições sem restrição. Essa falha possibilita a enumeração sistemática de seguros e segurados, expondo dados sensíveis e aumentando o risco de vazamento de informações. Além disso, pode facilitar outros ataques, como brute force e scraping, comprometendo a confidencialidade e a disponibilidade da aplicação.","Facilita a enumeração de seguros e segurados, permitindo que atacantes realizem consultas automatizadas para identificar dados sensíveis de forma sistemática.Amplia a exposição de informações por meio de extração massiva (scraping), comprometendo a confidencialidade dos dados.Pode causar degradação de desempenho ou indisponibilidade (DoS) devido ao alto volume de requisições automatizadas.","Implementar um mecanismo eficaz de limitação de taxa de requisições (Rate Limiting) para prevenir ataques automatizados que possam resultar na enumeração de seguros e segurados. Recomenda-se:Rate Limiting baseado em IP, usuário ou token, com limites configurados por intervalo de tempo.Throttling para reduzir gradualmente a velocidade de respostas quando padrões abusivos forem detectados.Monitoramento contínuo e alertas para identificar comportamentos anômalos.",Médio,Médio,799
Enumeração de Proposta de Filiais (IDOR),Alto,"A aplicação não faz a devida validação se um usuário tem permissão para visualizar informações de outros usuários. Dessa forma, um agente malicioso, ao alterar determinados parâmetros, inserindo valores que não os originais, é possível obter informações confidenciais e/ou sensíveis de outros usuários, o que por padrão, não deveriam ser obtidos.","Agentes maliciosos podem obter informações de outros usuários através de manipulações de parâmetros vulneráveis. Como consequência, vazamento de informações podem ocorrer. Em determinados casos é possível alterar valores e informações críticas de outros usuários que não o próprio, ocasionando em corrupção de dados da aplicação. Além de outras, dentre as quais:Exposição de informações confidenciais: Controle total de informações da conta de outros usuários.Alteração de dados: um agente malicioso pode ter privilégios para acessar seus dados e alterá-los.","Algumas das recomendações sugeridas são:Fazer a validação se um usuário tem a devida permissão para visualizar, editar/alterar e ou atualizar informações de outros usuários.Não permitir que a alteração de parâmetros impacte a aplicação ou retorne dados de outros usuários.Enviar informações confidenciais e/ou sensíveis em canais seguros de comunicação, o que inclui, entre vários aspectos a utilização de criptografia, tokens atuais e seguros para transmissão de informações, uso de captchas e sistemas de bloqueio etc.Não utilizar valores de objetos facilmente predizíeis, como valores puramente numéricos ou combinações frágeis. Utilizar, no lugar, um identificador de objeto que em cenários de ataques de dicionário/força bruta sejam de difícil adivinhação.",Alto,Alto,639
Vulnerabilidade IDOR na Opção 'Ver Assinatura' Enumeração de Dados Sensíveis,Alto,"A aplicação não faz a devida validação se um usuário tem permissão para visualizar informações de outros usuários. Dessa forma, um agente malicioso, ao alterar determinados parâmetros, inserindo valores que não os originais, é possível obter informações confidenciais e/ou sensíveis de outros usuários, o que por padrão, não deveriam ser obtidos.","Agentes maliciosos podem obter informações de outros usuários através de manipulações de parâmetros vulneráveis. Como consequência, vazamento de informações podem ocorrer. Em determinados casos é possível alterar valores e informações críticas de outros usuários que não o próprio, ocasionando em corrupção de dados da aplicação. Além de outras, dentre as quais:Exposição de informações confidenciais: Controle total de informações da conta de outros usuários.Alteração de dados: um agente malicioso pode ter privilégios para acessar seus dados e alterá-los.","Algumas das recomendações sugeridas são:Fazer a validação se um usuário tem a devida permissão para visualizar, editar/alterar e ou atualizar informações de outros usuários.Não permitir que a alteração de parâmetros impacte a aplicação ou retorne dados de outros usuários.Enviar informações confidenciais e/ou sensíveis em canais seguros de comunicação, o que inclui, entre vários aspectos a utilização de criptografia, tokens atuais e seguros para transmissão de informações, uso de captchas e sistemas de bloqueio etc.Não utilizar valores de objetos facilmente predizíeis, como valores puramente numéricos ou combinações frágeis. Utilizar, no lugar, um identificador de objeto que em cenários de ataques de dicionário/força bruta sejam de difícil adivinhação.",Alto,Alto,639
Falha de Autorização em Consultas de Hierarquia Comercial (IDOR),Alto,"A aplicação não faz a devida validação se um usuário tem permissão para visualizar informações de outros usuários. Dessa forma, um agente malicioso, ao alterar determinados parâmetros, inserindo valores que não os originais, é possível obter informações confidenciais e/ou sensíveis de outros usuários, o que por padrão, não deveriam ser obtidos.","Agentes maliciosos podem obter informações de outros usuários através de manipulações de parâmetros vulneráveis. Como consequência, vazamento de informações podem ocorrer. Em determinados casos é possível alterar valores e informações críticas de outros usuários que não o próprio, ocasionando em corrupção de dados da aplicação. Além de outras, dentre as quais:Exposição de informações confidenciais: Controle total de informações da conta de outros usuários.Alteração de dados: um agente malicioso pode ter privilégios para acessar seus dados e alterá-los.","Algumas das recomendações sugeridas são:Fazer a validação se um usuário tem a devida permissão para visualizar, editar/alterar e ou atualizar informações de outros usuários.Não permitir que a alteração de parâmetros impacte a aplicação ou retorne dados de outros usuários.Enviar informações confidenciais e/ou sensíveis em canais seguros de comunicação, o que inclui, entre vários aspectos a utilização de criptografia, tokens atuais e seguros para transmissão de informações, uso de captchas e sistemas de bloqueio etc.Não utilizar valores de objetos facilmente predizíeis, como valores puramente numéricos ou combinações frágeis. Utilizar, no lugar, um identificador de objeto que em cenários de ataques de dicionário/força bruta sejam de difícil adivinhação.",Alto,Alto,639
Acesso Não Autorizado às Opções de Contrato (CET/CCB) (IDOR),Alto,"A aplicação não faz a devida validação se um usuário tem permissão para visualizar informações de outros usuários. Dessa forma, um agente malicioso, ao alterar determinados parâmetros, inserindo valores que não os originais, é possível obter informações confidenciais e/ou sensíveis de outros usuários, o que por padrão, não deveriam ser obtidos.","Agentes maliciosos podem obter informações de outros usuários através de manipulações de parâmetros vulneráveis. Como consequência, vazamento de informações podem ocorrer. Em determinados casos é possível alterar valores e informações críticas de outros usuários que não o próprio, ocasionando em corrupção de dados da aplicação. Além de outras, dentre as quais:Exposição de informações confidenciais: Controle total de informações da conta de outros usuários.Alteração de dados: um agente malicioso pode ter privilégios para acessar seus dados e alterá-los.","Algumas das recomendações sugeridas são:Fazer a validação se um usuário tem a devida permissão para visualizar, editar/alterar e ou atualizar informações de outros usuários.Não permitir que a alteração de parâmetros impacte a aplicação ou retorne dados de outros usuários.Enviar informações confidenciais e/ou sensíveis em canais seguros de comunicação, o que inclui, entre vários aspectos a utilização de criptografia, tokens atuais e seguros para transmissão de informações, uso de captchas e sistemas de bloqueio etc.Não utilizar valores de objetos facilmente predizíeis, como valores puramente numéricos ou combinações frágeis. Utilizar, no lugar, um identificador de objeto que em cenários de ataques de dicionário/força bruta sejam de difícil adivinhação.",Alto,Alto,639
Enumeração e Acesso Não Autorizado a Propostas de Parceiros de Indicação (IDOR),Alto,"A aplicação não faz a devida validação se um usuário tem permissão para visualizar informações de outros usuários. Dessa forma, um agente malicioso, ao alterar determinados parâmetros, inserindo valores que não os originais, é possível obter informações confidenciais e/ou sensíveis de outros usuários, o que por padrão, não deveriam ser obtidos.","Agentes maliciosos podem obter informações de outros usuários através de manipulações de parâmetros vulneráveis. Como consequência, vazamento de informações podem ocorrer. Em determinados casos é possível alterar valores e informações críticas de outros usuários que não o próprio, ocasionando em corrupção de dados da aplicação. Além de outras, dentre as quais:Exposição de informações confidenciais: Controle total de informações da conta de outros usuários.Alteração de dados: um agente malicioso pode ter privilégios para acessar seus dados e alterá-los.","Algumas das recomendações sugeridas são:Fazer a validação se um usuário tem a devida permissão para visualizar, editar/alterar e ou atualizar informações de outros usuários.Não permitir que a alteração de parâmetros impacte a aplicação ou retorne dados de outros usuários.Enviar informações confidenciais e/ou sensíveis em canais seguros de comunicação, o que inclui, entre vários aspectos a utilização de criptografia, tokens atuais e seguros para transmissão de informações, uso de captchas e sistemas de bloqueio etc.Não utilizar valores de objetos facilmente predizíeis, como valores puramente numéricos ou combinações frágeis. Utilizar, no lugar, um identificador de objeto que em cenários de ataques de dicionário/força bruta sejam de difícil adivinhação.",Alto,Alto,639
SSRF via XML-RPC pingback.ping no WordPress (Blind SSRF based DNS),Médio,"Durante os testes de segurança realizados, foi identificada uma vulnerabilidade do tipo Server-Side Request Forgery (SSRF), em sua forma ""blind"" e baseada em resolução de nomes DNS.Detalhes TécnicosCabeçalho manipulado: HostComportamento observado: Resolução DNS para domínio externo controladoFerramenta utilizada: Burp CollaboratorA exploração foi realizada por meio da substituição do valor legítimo do cabeçalho Host por um domínio controlado pelo analista. Esse domínio foi configurado para registrar interações do servidor, como consultas DNS ou tentativas de conexão HTTP/S.Após o envio da requisição manipulada, foi registrada uma consulta DNS do tipo A para o domínio externo, indicando que o backend processou o valor arbitrário e tentou resolvê-lo via DNS. Não houve requisição HTTP subsequente, o que sugere a presença de filtros de rede bloqueando conexões de saída HTTP, mas permitindo tráfego DNS.","Esse tipo de falha representa um risco elevado à segurança, pois demonstra que o servidor pode ser induzido a realizar conexões externas ou internas baseadas em dados controlados por um usuário remoto. A depender da infraestrutura da aplicação, essa vulnerabilidade pode ser explorada para escanear a rede interna, interagir com serviços restritos (como interfaces administrativas, bancos de dados ou serviços de metadata em ambientes cloud), interagir com serviços externos, descoberta de informações, ou mesmo realizar exfiltração de dados de forma indireta.","Validação estrita do cabeçalho Host:Configure o servidor da aplicação para aceitar apenas valores esperados e autorizados no cabeçalho Host. Idealmente, esse valor deve ser validado contra uma lista fixa de domínios válidos pertencentes à própria organização.Desabilitação de redirecionamentos e requisições dinâmicas baseadas em Host:Evite usar o cabeçalho Host como base para lógica interna de negócio, redirecionamento, ou resolução de rotas. Se necessário, essa lógica deve estar isolada e devidamente validada.Restringir resolução de nomes DNS externos:A aplicação ou o servidor onde ela está hospedada deve restringir a resolução de nomes não autorizados.",Médio,Alto,
Referência Direta Insegura a Objetos (IDOR) - Consulta de Vistorias,Alto,"A aplicação não faz a devida validação se um usuário tem permissão para visualizar informações de outros usuários. Dessa forma, um agente malicioso, ao alterar determinados parâmetros, inserindo valores que não os originais, é possível obter informações confidenciais e/ou sensíveis de outros usuários, o que por padrão, não deveriam ser obtidos.","Agentes maliciosos podem obter informações de outros usuários através de manipulações de parâmetros vulneráveis. Como consequência, vazamento de informações podem ocorrer. Em determinados casos é possível alterar valores e informações críticas de outros usuários que não o próprio, ocasionando em corrupção de dados da aplicação. Além de outras, dentre as quais:Exposição de informações confidenciais: Controle total de informações da conta de outros usuários.Alteração de dados: um agente malicioso pode ter privilégios para acessar seus dados e alterá-los.","Algumas das recomendações sugeridas são:Fazer a validação se um usuário tem a devida permissão para visualizar, editar/alterar e ou atualizar informações de outros usuários.Não permitir que a alteração de parâmetros impacte a aplicação ou retorne dados de outros usuários.Enviar informações confidenciais e/ou sensíveis em canais seguros de comunicação, o que inclui, entre vários aspectos a utilização de criptografia, tokens atuais e seguros para transmissão de informações, uso de captchas e sistemas de bloqueio etc.Não utilizar valores de objetos facilmente predizíeis, como valores puramente numéricos ou combinações frágeis. Utilizar, no lugar, um identificador de objeto que em cenários de ataques de dicionário/força bruta sejam de difícil adivinhação.",Alto,Alto,639
Clickjacking - Sequestro de cliques - corprelacionar,Alto,"O clickjacking, também conhecido como ""UI redress attack"", é quando um agente malicioso carrega o site alvo em algum frame (como o iframe) como primeira camada de abstração CSS e ao mesmo tempo usa várias camadas opacas como segunda camada de abstração CSS sobrepondo a primeira camada, com o objetivo de criar um layout chamativo ao clique do usuário.O usuário, ao clicar em um botão ou link dessa página maliciosa, acredita estar clicando em alguma funcionalidade da camada superior de abstração CSS, quando na verdade está executando a ação da primeira camada, o que normalmente pode ser uma troca de senha, execução de alguma ação confidencial etc. Assim, o atacante está ""seqüestrando"" os cliques do usuário, que acreditava estar clicando em algo legítimo.Usando uma técnica similar, os toques de tecla também podem ser seqüestrados. Com uma combinação cuidadosamente elaborada de stylesheets, iframes e caixas de texto, um usuário pode ser levado a acreditar que está digitando a senha no campo correto, mas digitando em um iframe invisível controlado pelo agente malicioso.",É possível roubar cliques dos usuários explorando a falha de clickjacking no site. Isto é possível pois o site permite enquadrar o seu conteúdo em um iframe não gerenciado pelo próprio.,"Algumas das recomendações sugeridas são:·        Incluir no cabeçalho de resposta as diretivas CSP (Content Security Policy), que instruem o navegador a não permitir o enquadramento (via iframe) de outros domínios.·        Incluir no cabeçalho de resposta o X-Frame-Options.Código defensivo na interface do usuário para garantir que o iframe atual seja a janela de nível superior.",Alto,Alto,1021
Exposição de Informações Sensíveis – Divulgação do Nome do Servidor (Server Banner Disclosure),Baixo,A aplicação responde as requisições HTTP com o nome do servidor sendo ultilizado.,"Essa informação pode ajudar um atacante a modelar melhor sua superfice de ataque, visto que alguns ataques só funcionam em um tipo de servidor especifico.","Recomendamos ocultar o nome do servidor ou mesmo alterá-lo para algum nome que não exponha o nome do servidor verdadeiro a exemplo: ""Server: Company"".",Baixo,Baixo,693
Spoofing de E-mail com Clickjacking para Captura de Credenciais,Alto,"O host principal não possui o DMARC configurado corretamente, o que permite utilizar do serviço de e-mail do HOST para enviar e-mails pelo mesmo, se passando por contas coorporativas ligadas ao domínio","Phishing: O E-mail Spoofing é frequentemente utilizado em ataques de phishing, onde os usuários podem ser induzidos a fornecer informações confidenciais, como senhas e informações bancárias.Malware Disfarçado: Cibercriminosos podem enviar malwares disfarçados como anexos de e-mail legítimos, explorando a confiança do destinatário.","Implemente políticas de autenticação de e-mail (SPF, DKIM, DMARC) e incentive práticas seguras de e-mail entre os usuários.",Alto,Alto,
IDOR em Vistoria Permitindo SMS Flooding (Danos financeiros),Alto,"É possível enviar de forma automatizada vários sms, a aplicação não tem nenhum controle de quantidade de envios e com isto é possível gerar danos financeiros ao banco.","Cada SMS tem o custo de R$0,5 centavos por envio, neste teste foram enviados em 1 minuto 754 SMS e com isto é gerado um custo de R$377,00 reais.Com esta base neste valor, se deixássemos o envio durante 1 hora o prejuízo seria de R$22,620 mil reais e em 24 horas de R$542,880 mil reais.",Configurar a aplicação para enviar no máximo 3 vezes seguidas um SMS para o mesmo número e após o envio bloquear durante alguns minutos ou gerar um segundo fator de confirmação de envio impedindo a repetição de SMS de forma automatizada.,Alto,Alto,294
Referência Direta Insegura a Objetos (IDOR) - validar dados da CBB,Alto,"A aplicação não faz a devida validação se um usuário tem permissão para visualizar informações de outros usuários. Dessa forma, um agente malicioso, ao alterar determinados parâmetros, inserindo valores que não os originais, é possível obter informações confidenciais e/ou sensíveis de outros usuários, o que por padrão, não deveriam ser obtidos.","Agentes maliciosos podem obter informações de outros usuários através de manipulações de parâmetros vulneráveis. Como consequência, vazamento de informações podem ocorrer. Em determinados casos é possível alterar valores e informações críticas de outros usuários que não o próprio, ocasionando em corrupção de dados da aplicação. Além de outras, dentre as quais:Exposição de informações confidenciais: Controle total de informações da conta de outros usuários.Alteração de dados: um agente malicioso pode ter privilégios para acessar seus dados e alterá-los.","Algumas das recomendações sugeridas são:Fazer a validação se um usuário tem a devida permissão para visualizar, editar/alterar e ou atualizar informações de outros usuários.Não permitir que a alteração de parâmetros impacte a aplicação ou retorne dados de outros usuários.Enviar informações confidenciais e/ou sensíveis em canais seguros de comunicação, o que inclui, entre vários aspectos a utilização de criptografia, tokens atuais e seguros para transmissão de informações, uso de captchas e sistemas de bloqueio etc.Não utilizar valores de objetos facilmente predizíeis, como valores puramente numéricos ou combinações frágeis. Utilizar, no lugar, um identificador de objeto que em cenários de ataques de dicionário/força bruta sejam de difícil adivinhação.",Alto,Alto,639
IDOR - Enumeração de Usuários e Vazamento de Credenciais,Alto,"A aplicação não faz a devida validação se um usuário tem permissão para visualizar informações de outros usuários. Dessa forma, um agente malicioso, ao alterar determinados parâmetros, inserindo valores que não os originais, é possível obter informações confidenciais e/ou sensíveis de outros usuários, o que por padrão, não deveriam ser obtidos.","Agentes maliciosos podem obter informações de outros usuários através de manipulações de parâmetros vulneráveis. Como consequência, vazamento de informações podem ocorrer. Em determinados casos é possível alterar valores e informações críticas de outros usuários que não o próprio, ocasionando em corrupção de dados da aplicação. Além de outras, dentre as quais:Exposição de informações confidenciais: Controle total de informações da conta de outros usuários.Alteração de dados: um agente malicioso pode ter privilégios para acessar seus dados e alterá-los.","Algumas das recomendações sugeridas são:Fazer a validação se um usuário tem a devida permissão para visualizar, editar/alterar e ou atualizar informações de outros usuários.Não permitir que a alteração de parâmetros impacte a aplicação ou retorne dados de outros usuários.Enviar informações confidenciais e/ou sensíveis em canais seguros de comunicação, o que inclui, entre vários aspectos a utilização de criptografia, tokens atuais e seguros para transmissão de informações, uso de captchas e sistemas de bloqueio etc.Não utilizar valores de objetos facilmente predizíeis, como valores puramente numéricos ou combinações frágeis. Utilizar, no lugar, um identificador de objeto que em cenários de ataques de dicionário/força bruta sejam de difícil adivinhação.",Alto,Alto,639
SQL Injection (Time‑Based Blind e Error‑Based),Alto,"Durante os testes, foi possível injetar um payload que utiliza a função SLEEP do banco de dados por meio de um parâmetro da aplicação. A resposta da aplicação demonstrou atraso coerente com o tempo definido no payload, indicando que o comando foi interpretado com sucesso. Apesar disso, não foi validada a extração de dados ou interação com outras funções sensíveis.","A presença da vulnerabilidade permite que um atacante explore o banco de dados por meio de técnicas time-based blind, podendo, com paciência e automação, extrair dados sensíveis mesmo sem mensagens de erro visíveis. Dependendo da criticidade dos dados e permissões disponíveis, isso pode comprometer totalmente a aplicação e os dados armazenados, ou até mesmo causar indisponibilidade.","Utilizar consultas parametrizadas (prepared statements) em todas as interações com o banco de dados.Evitar a montagem dinâmica de comandos SQL utilizando concatenação de strings com entradas de usuário.Validar e sanitizar todas as entradas, inclusive parâmetros de URL, corpo de requisição e headers.",Alto,Médio,
IDOR - Exposição Indevida de Dados Sensíveis em Transações Financeiras,Alto,"A aplicação não faz a devida validação se um usuário tem permissão para visualizar informações de outros usuários. Dessa forma, um agente malicioso, ao alterar determinados parâmetros, inserindo valores que não os originais, é possível obter informações confidenciais e/ou sensíveis de outros usuários, o que por padrão, não deveriam ser obtidos.","Agentes maliciosos podem obter informações de outros usuários através de manipulações de parâmetros vulneráveis. Como consequência, vazamento de informações podem ocorrer. Em determinados casos é possível alterar valores e informações críticas de outros usuários que não o próprio, ocasionando em corrupção de dados da aplicação. Além de outras, dentre as quais:Exposição de informações confidenciais: Controle total de informações da conta de outros usuários.Alteração de dados: um agente malicioso pode ter privilégios para acessar seus dados e alterá-los.","Algumas das recomendações sugeridas são:Fazer a validação se um usuário tem a devida permissão para visualizar, editar/alterar e ou atualizar informações de outros usuários.Não permitir que a alteração de parâmetros impacte a aplicação ou retorne dados de outros usuários.Enviar informações confidenciais e/ou sensíveis em canais seguros de comunicação, o que inclui, entre vários aspectos a utilização de criptografia, tokens atuais e seguros para transmissão de informações, uso de captchas e sistemas de bloqueio etc.Não utilizar valores de objetos facilmente predizíeis, como valores puramente numéricos ou combinações frágeis. Utilizar, no lugar, um identificador de objeto que em cenários de ataques de dicionário/força bruta sejam de difícil adivinhação.",Alto,Alto,639
IDOR – Visualização de Comprovante de Transferência,Alto,"A aplicação não faz a devida validação se um usuário tem permissão para visualizar informações de outros usuários. Dessa forma, um agente malicioso, ao alterar determinados parâmetros, inserindo valores que não os originais, é possível obter informações confidenciais e/ou sensíveis de outros usuários, o que por padrão, não deveriam ser obtidos.","Agentes maliciosos podem obter informações de outros usuários através de manipulações de parâmetros vulneráveis. Como consequência, vazamento de informações podem ocorrer. Em determinados casos é possível alterar valores e informações críticas de outros usuários que não o próprio, ocasionando em corrupção de dados da aplicação. Além de outras, dentre as quais:Exposição de informações confidenciais: Controle total de informações da conta de outros usuários.Alteração de dados: um agente malicioso pode ter privilégios para acessar seus dados e alterá-los.","Algumas das recomendações sugeridas são:Fazer a validação se um usuário tem a devida permissão para visualizar, editar/alterar e ou atualizar informações de outros usuários.Não permitir que a alteração de parâmetros impacte a aplicação ou retorne dados de outros usuários.Enviar informações confidenciais e/ou sensíveis em canais seguros de comunicação, o que inclui, entre vários aspectos a utilização de criptografia, tokens atuais e seguros para transmissão de informações, uso de captchas e sistemas de bloqueio etc.Não utilizar valores de objetos facilmente predizíeis, como valores puramente numéricos ou combinações frágeis. Utilizar, no lugar, um identificador de objeto que em cenários de ataques de dicionário/força bruta sejam de difícil adivinhação.",Alto,Alto,639
IDOR – Botão ver  Comprovante,Alto,"A aplicação não faz a devida validação se um usuário tem permissão para visualizar informações de outros usuários. Dessa forma, um agente malicioso, ao alterar determinados parâmetros, inserindo valores que não os originais, é possível obter informações confidenciais e/ou sensíveis de outros usuários, o que por padrão, não deveriam ser obtidos.","Agentes maliciosos podem obter informações de outros usuários através de manipulações de parâmetros vulneráveis. Como consequência, vazamento de informações podem ocorrer. Em determinados casos é possível alterar valores e informações críticas de outros usuários que não o próprio, ocasionando em corrupção de dados da aplicação. Além de outras, dentre as quais:Exposição de informações confidenciais: Controle total de informações da conta de outros usuários.Alteração de dados: um agente malicioso pode ter privilégios para acessar seus dados e alterá-los.","Algumas das recomendações sugeridas são:Fazer a validação se um usuário tem a devida permissão para visualizar, editar/alterar e ou atualizar informações de outros usuários.Não permitir que a alteração de parâmetros impacte a aplicação ou retorne dados de outros usuários.Enviar informações confidenciais e/ou sensíveis em canais seguros de comunicação, o que inclui, entre vários aspectos a utilização de criptografia, tokens atuais e seguros para transmissão de informações, uso de captchas e sistemas de bloqueio etc.Não utilizar valores de objetos facilmente predizíeis, como valores puramente numéricos ou combinações frágeis. Utilizar, no lugar, um identificador de objeto que em cenários de ataques de dicionário/força bruta sejam de difícil adivinhação.",Alto,Alto,639
IDOR - Comprovante PIX (quebra de autorização por recurso via identificador manipulável),Alto,"A aplicação não faz a devida validação se um usuário tem permissão para visualizar informações de outros usuários. Dessa forma, um agente malicioso, ao alterar determinados parâmetros, inserindo valores que não os originais, é possível obter informações confidenciais e/ou sensíveis de outros usuários, o que por padrão, não deveriam ser obtidos.","Agentes maliciosos podem obter informações de outros usuários através de manipulações de parâmetros vulneráveis. Como consequência, vazamento de informações podem ocorrer. Em determinados casos é possível alterar valores e informações críticas de outros usuários que não o próprio, ocasionando em corrupção de dados da aplicação. Além de outras, dentre as quais:Exposição de informações confidenciais: Controle total de informações da conta de outros usuários.Alteração de dados: um agente malicioso pode ter privilégios para acessar seus dados e alterá-los.","Algumas das recomendações sugeridas são:Fazer a validação se um usuário tem a devida permissão para visualizar, editar/alterar e ou atualizar informações de outros usuários.Não permitir que a alteração de parâmetros impacte a aplicação ou retorne dados de outros usuários.Enviar informações confidenciais e/ou sensíveis em canais seguros de comunicação, o que inclui, entre vários aspectos a utilização de criptografia, tokens atuais e seguros para transmissão de informações, uso de captchas e sistemas de bloqueio etc.Não utilizar valores de objetos facilmente predizíeis, como valores puramente numéricos ou combinações frágeis. Utilizar, no lugar, um identificador de objeto que em cenários de ataques de dicionário/força bruta sejam de difícil adivinhação.",Alto,Alto,639
IDOR - Exclusão de Chave PIX,Alto,"A aplicação não faz a devida validação se um usuário tem permissão para visualizar informações de outros usuários. Dessa forma, um agente malicioso, ao alterar determinados parâmetros, inserindo valores que não os originais, é possível obter informações confidenciais e/ou sensíveis de outros usuários, o que por padrão, não deveriam ser obtidos.","Agentes maliciosos podem obter informações de outros usuários através de manipulações de parâmetros vulneráveis. Como consequência, vazamento de informações podem ocorrer. Em determinados casos é possível alterar valores e informações críticas de outros usuários que não o próprio, ocasionando em corrupção de dados da aplicação. Além de outras, dentre as quais:Exposição de informações confidenciais: Controle total de informações da conta de outros usuários.Alteração de dados: um agente malicioso pode ter privilégios para acessar seus dados e alterá-los.","Algumas das recomendações sugeridas são:Fazer a validação se um usuário tem a devida permissão para visualizar, editar/alterar e ou atualizar informações de outros usuários.Não permitir que a alteração de parâmetros impacte a aplicação ou retorne dados de outros usuários.Enviar informações confidenciais e/ou sensíveis em canais seguros de comunicação, o que inclui, entre vários aspectos a utilização de criptografia, tokens atuais e seguros para transmissão de informações, uso de captchas e sistemas de bloqueio etc.Não utilizar valores de objetos facilmente predizíeis, como valores puramente numéricos ou combinações frágeis. Utilizar, no lugar, um identificador de objeto que em cenários de ataques de dicionário/força bruta sejam de difícil adivinhação.",Alto,Alto,639
IDOR - Geração de QR/Recebimento PIX com Chave de Terceiros,Alto,"A aplicação não faz a devida validação se um usuário tem permissão para visualizar informações de outros usuários. Dessa forma, um agente malicioso, ao alterar determinados parâmetros, inserindo valores que não os originais, é possível obter informações confidenciais e/ou sensíveis de outros usuários, o que por padrão, não deveriam ser obtidos.","Agentes maliciosos podem obter informações de outros usuários através de manipulações de parâmetros vulneráveis. Como consequência, vazamento de informações podem ocorrer. Em determinados casos é possível alterar valores e informações críticas de outros usuários que não o próprio, ocasionando em corrupção de dados da aplicação. Além de outras, dentre as quais:Exposição de informações confidenciais: Controle total de informações da conta de outros usuários.Alteração de dados: um agente malicioso pode ter privilégios para acessar seus dados e alterá-los.","Algumas das recomendações sugeridas são:Fazer a validação se um usuário tem a devida permissão para visualizar, editar/alterar e ou atualizar informações de outros usuários.Não permitir que a alteração de parâmetros impacte a aplicação ou retorne dados de outros usuários.Enviar informações confidenciais e/ou sensíveis em canais seguros de comunicação, o que inclui, entre vários aspectos a utilização de criptografia, tokens atuais e seguros para transmissão de informações, uso de captchas e sistemas de bloqueio etc.Não utilizar valores de objetos facilmente predizíeis, como valores puramente numéricos ou combinações frágeis. Utilizar, no lugar, um identificador de objeto que em cenários de ataques de dicionário/força bruta sejam de difícil adivinhação.",Alto,Alto,639
IDOR - Meu Compartilhamento,Alto,"A aplicação não faz a devida validação se um usuário tem permissão para visualizar informações de outros usuários. Dessa forma, um agente malicioso, ao alterar determinados parâmetros, inserindo valores que não os originais, é possível obter informações confidenciais e/ou sensíveis de outros usuários, o que por padrão, não deveriam ser obtidos.","Agentes maliciosos podem obter informações de outros usuários através de manipulações de parâmetros vulneráveis. Como consequência, vazamento de informações podem ocorrer. Em determinados casos é possível alterar valores e informações críticas de outros usuários que não o próprio, ocasionando em corrupção de dados da aplicação. Além de outras, dentre as quais:Exposição de informações confidenciais: Controle total de informações da conta de outros usuários.Alteração de dados: um agente malicioso pode ter privilégios para acessar seus dados e alterá-los.","Algumas das recomendações sugeridas são:Fazer a validação se um usuário tem a devida permissão para visualizar, editar/alterar e ou atualizar informações de outros usuários.Não permitir que a alteração de parâmetros impacte a aplicação ou retorne dados de outros usuários.Enviar informações confidenciais e/ou sensíveis em canais seguros de comunicação, o que inclui, entre vários aspectos a utilização de criptografia, tokens atuais e seguros para transmissão de informações, uso de captchas e sistemas de bloqueio etc.Não utilizar valores de objetos facilmente predizíeis, como valores puramente numéricos ou combinações frágeis. Utilizar, no lugar, um identificador de objeto que em cenários de ataques de dicionário/força bruta sejam de difícil adivinhação.",Alto,Alto,639
IDOR no Histórico de Aprovações Open finance,Alto,"A aplicação não faz a devida validação se um usuário tem permissão para visualizar informações de outros usuários. Dessa forma, um agente malicioso, ao alterar determinados parâmetros, inserindo valores que não os originais, é possível obter informações confidenciais e/ou sensíveis de outros usuários, o que por padrão, não deveriam ser obtidos.","Agentes maliciosos podem obter informações de outros usuários através de manipulações de parâmetros vulneráveis. Como consequência, vazamento de informações podem ocorrer. Em determinados casos é possível alterar valores e informações críticas de outros usuários que não o próprio, ocasionando em corrupção de dados da aplicação. Além de outras, dentre as quais:Exposição de informações confidenciais: Controle total de informações da conta de outros usuários.Alteração de dados: um agente malicioso pode ter privilégios para acessar seus dados e alterá-los.","Algumas das recomendações sugeridas são:Fazer a validação se um usuário tem a devida permissão para visualizar, editar/alterar e ou atualizar informações de outros usuários.Não permitir que a alteração de parâmetros impacte a aplicação ou retorne dados de outros usuários.Enviar informações confidenciais e/ou sensíveis em canais seguros de comunicação, o que inclui, entre vários aspectos a utilização de criptografia, tokens atuais e seguros para transmissão de informações, uso de captchas e sistemas de bloqueio etc.Não utilizar valores de objetos facilmente predizíeis, como valores puramente numéricos ou combinações frágeis. Utilizar, no lugar, um identificador de objeto que em cenários de ataques de dicionário/força bruta sejam de difícil adivinhação.",Alto,Alto,639
IDOR - Relatório de Transmissão – Exposição Indevida de Dados Financeiros Empresariais,Alto,"A aplicação não faz a devida validação se um usuário tem permissão para visualizar informações de outros usuários. Dessa forma, um agente malicioso, ao alterar determinados parâmetros, inserindo valores que não os originais, é possível obter informações confidenciais e/ou sensíveis de outros usuários, o que por padrão, não deveriam ser obtidos.","Agentes maliciosos podem obter informações de outros usuários através de manipulações de parâmetros vulneráveis. Como consequência, vazamento de informações podem ocorrer. Em determinados casos é possível alterar valores e informações críticas de outros usuários que não o próprio, ocasionando em corrupção de dados da aplicação. Além de outras, dentre as quais:Exposição de informações confidenciais: Controle total de informações da conta de outros usuários.Alteração de dados: um agente malicioso pode ter privilégios para acessar seus dados e alterá-los.","Algumas das recomendações sugeridas são:Fazer a validação se um usuário tem a devida permissão para visualizar, editar/alterar e ou atualizar informações de outros usuários.Não permitir que a alteração de parâmetros impacte a aplicação ou retorne dados de outros usuários.Enviar informações confidenciais e/ou sensíveis em canais seguros de comunicação, o que inclui, entre vários aspectos a utilização de criptografia, tokens atuais e seguros para transmissão de informações, uso de captchas e sistemas de bloqueio etc.Não utilizar valores de objetos facilmente predizíeis, como valores puramente numéricos ou combinações frágeis. Utilizar, no lugar, um identificador de objeto que em cenários de ataques de dicionário/força bruta sejam de difícil adivinhação.",Alto,Alto,639
IDOR -  Encadeado em Investimentos: Exposição de Valores e Comprovantes via Enumeração de IDs,Alto,"A aplicação não faz a devida validação se um usuário tem permissão para visualizar informações de outros usuários. Dessa forma, um agente malicioso, ao alterar determinados parâmetros, inserindo valores que não os originais, é possível obter informações confidenciais e/ou sensíveis de outros usuários, o que por padrão, não deveriam ser obtidos.","Agentes maliciosos podem obter informações de outros usuários através de manipulações de parâmetros vulneráveis. Como consequência, vazamento de informações podem ocorrer. Em determinados casos é possível alterar valores e informações críticas de outros usuários que não o próprio, ocasionando em corrupção de dados da aplicação. Além de outras, dentre as quais:Exposição de informações confidenciais: Controle total de informações da conta de outros usuários.Alteração de dados: um agente malicioso pode ter privilégios para acessar seus dados e alterá-los.","Algumas das recomendações sugeridas são:Fazer a validação se um usuário tem a devida permissão para visualizar, editar/alterar e ou atualizar informações de outros usuários.Não permitir que a alteração de parâmetros impacte a aplicação ou retorne dados de outros usuários.Enviar informações confidenciais e/ou sensíveis em canais seguros de comunicação, o que inclui, entre vários aspectos a utilização de criptografia, tokens atuais e seguros para transmissão de informações, uso de captchas e sistemas de bloqueio etc.Não utilizar valores de objetos facilmente predizíeis, como valores puramente numéricos ou combinações frágeis. Utilizar, no lugar, um identificador de objeto que em cenários de ataques de dicionário/força bruta sejam de difícil adivinhação.",Alto,Alto,639
IDOR - Retorno de Boletos,Alto,"A aplicação não faz a devida validação se um usuário tem permissão para visualizar informações de outros usuários. Dessa forma, um agente malicioso, ao alterar determinados parâmetros, inserindo valores que não os originais, é possível obter informações confidenciais e/ou sensíveis de outros usuários, o que por padrão, não deveriam ser obtidos.","Agentes maliciosos podem obter informações de outros usuários através de manipulações de parâmetros vulneráveis. Como consequência, vazamento de informações podem ocorrer. Em determinados casos é possível alterar valores e informações críticas de outros usuários que não o próprio, ocasionando em corrupção de dados da aplicação. Além de outras, dentre as quais:Exposição de informações confidenciais: Controle total de informações da conta de outros usuários.Alteração de dados: um agente malicioso pode ter privilégios para acessar seus dados e alterá-los.","Algumas das recomendações sugeridas são:Fazer a validação se um usuário tem a devida permissão para visualizar, editar/alterar e ou atualizar informações de outros usuários.Não permitir que a alteração de parâmetros impacte a aplicação ou retorne dados de outros usuários.Enviar informações confidenciais e/ou sensíveis em canais seguros de comunicação, o que inclui, entre vários aspectos a utilização de criptografia, tokens atuais e seguros para transmissão de informações, uso de captchas e sistemas de bloqueio etc.Não utilizar valores de objetos facilmente predizíeis, como valores puramente numéricos ou combinações frágeis. Utilizar, no lugar, um identificador de objeto que em cenários de ataques de dicionário/força bruta sejam de difícil adivinhação.",Alto,Alto,639
IDOR - Download de comprovante de Operação Compromissada,Alto,"A aplicação não faz a devida validação se um usuário tem permissão para visualizar informações de outros usuários. Dessa forma, um agente malicioso, ao alterar determinados parâmetros, inserindo valores que não os originais, é possível obter informações confidenciais e/ou sensíveis de outros usuários, o que por padrão, não deveriam ser obtidos.","Agentes maliciosos podem obter informações de outros usuários através de manipulações de parâmetros vulneráveis. Como consequência, vazamento de informações podem ocorrer. Em determinados casos é possível alterar valores e informações críticas de outros usuários que não o próprio, ocasionando em corrupção de dados da aplicação. Além de outras, dentre as quais:Exposição de informações confidenciais: Controle total de informações da conta de outros usuários.Alteração de dados: um agente malicioso pode ter privilégios para acessar seus dados e alterá-los.","Algumas das recomendações sugeridas são:Fazer a validação se um usuário tem a devida permissão para visualizar, editar/alterar e ou atualizar informações de outros usuários.Não permitir que a alteração de parâmetros impacte a aplicação ou retorne dados de outros usuários.Enviar informações confidenciais e/ou sensíveis em canais seguros de comunicação, o que inclui, entre vários aspectos a utilização de criptografia, tokens atuais e seguros para transmissão de informações, uso de captchas e sistemas de bloqueio etc.Não utilizar valores de objetos facilmente predizíeis, como valores puramente numéricos ou combinações frágeis. Utilizar, no lugar, um identificador de objeto que em cenários de ataques de dicionário/força bruta sejam de difícil adivinhação.",Alto,Alto,639
IDOR - Comprovantes de Resgate,Alto,"A aplicação não faz a devida validação se um usuário tem permissão para visualizar informações de outros usuários. Dessa forma, um agente malicioso, ao alterar determinados parâmetros, inserindo valores que não os originais, é possível obter informações confidenciais e/ou sensíveis de outros usuários, o que por padrão, não deveriam ser obtidos.","Agentes maliciosos podem obter informações de outros usuários através de manipulações de parâmetros vulneráveis. Como consequência, vazamento de informações podem ocorrer. Em determinados casos é possível alterar valores e informações críticas de outros usuários que não o próprio, ocasionando em corrupção de dados da aplicação. Além de outras, dentre as quais:Exposição de informações confidenciais: Controle total de informações da conta de outros usuários.Alteração de dados: um agente malicioso pode ter privilégios para acessar seus dados e alterá-los.","Algumas das recomendações sugeridas são:Fazer a validação se um usuário tem a devida permissão para visualizar, editar/alterar e ou atualizar informações de outros usuários.Não permitir que a alteração de parâmetros impacte a aplicação ou retorne dados de outros usuários.Enviar informações confidenciais e/ou sensíveis em canais seguros de comunicação, o que inclui, entre vários aspectos a utilização de criptografia, tokens atuais e seguros para transmissão de informações, uso de captchas e sistemas de bloqueio etc.Não utilizar valores de objetos facilmente predizíeis, como valores puramente numéricos ou combinações frágeis. Utilizar, no lugar, um identificador de objeto que em cenários de ataques de dicionário/força bruta sejam de difícil adivinhação.",Alto,Alto,639
Enumeração de Propostas via Referência Direta Insegura a Objetos (IDOR) em Contratação Cliente,Médio,"A aplicação não implementa controles adequados para verificar se o usuário tem permissão para acessar informações de Propostas de Financiamentos de Veículos. Por meio de uma vulnerabilidade de Referência Direta Insegura a Objetos (IDOR) presente na própria URL, um agente malicioso pode alterar identificadores diretamente no caminho da requisição (por exemplo, IDs de propostas) e, assim, obter dados confidenciais e/ou sensíveis de outras propostas, o que, por padrão, não deveria ser acessível.","A vulnerabilidade permite que agentes maliciosos explorem identificadores presentes na URL para acessar informações de propostas sem autorização. Isso pode resultar em:Exposição de informações confidenciais: Dados de veículos, modelos e valores.Alteração de dados críticos: Em cenários mais graves, um invasor pode modificar informações relacionadas as propostas ou dados cadastrais de outros clientes, causando corrupção de dados e possíveis fraudes.Risco de fraude e engenharia social: Com acesso a dados detalhados, agentes maliciosos podem realizar fraudes financeiras, criar perfis falsos ou usar as informações para ataques direcionados.Quebra de conformidade regulatória: Vazamento de dados sensíveis pode violar normas como LGPD, acarretando penalidades legais e danos à reputação da empresa.","Implementar validação rigorosa de autorização para garantir que o usuário tenha permissão para acessar informações de propostas antes de processar qualquer requisição baseada em identificadores presentes na URL.Evitar que a manipulação de identificadores na URL (por exemplo, IDs de propostas) permita acesso a dados de outros usuários. Toda requisição deve ser validada contra a identidade e permissões do usuário autenticado.Não utilizar identificadores previsíveis (como números sequenciais) na URL. Em vez disso, adotar identificadores aleatórios ou tokens opacos, dificultando ataques baseados em força bruta ou enumeração.",Médio,Médio,639
IDOR - Comprovantes de Operações SWAP,Alto,"A aplicação não faz a devida validação se um usuário tem permissão para visualizar informações de outros usuários. Dessa forma, um agente malicioso, ao alterar determinados parâmetros, inserindo valores que não os originais, é possível obter informações confidenciais e/ou sensíveis de outros usuários, o que por padrão, não deveriam ser obtidos.","Agentes maliciosos podem obter informações de outros usuários através de manipulações de parâmetros vulneráveis. Como consequência, vazamento de informações podem ocorrer. Em determinados casos é possível alterar valores e informações críticas de outros usuários que não o próprio, ocasionando em corrupção de dados da aplicação. Além de outras, dentre as quais:Exposição de informações confidenciais: Controle total de informações da conta de outros usuários.Alteração de dados: um agente malicioso pode ter privilégios para acessar seus dados e alterá-los.","Algumas das recomendações sugeridas são:Fazer a validação se um usuário tem a devida permissão para visualizar, editar/alterar e ou atualizar informações de outros usuários.Não permitir que a alteração de parâmetros impacte a aplicação ou retorne dados de outros usuários.Enviar informações confidenciais e/ou sensíveis em canais seguros de comunicação, o que inclui, entre vários aspectos a utilização de criptografia, tokens atuais e seguros para transmissão de informações, uso de captchas e sistemas de bloqueio etc.Não utilizar valores de objetos facilmente predizíeis, como valores puramente numéricos ou combinações frágeis. Utilizar, no lugar, um identificador de objeto que em cenários de ataques de dicionário/força bruta sejam de difícil adivinhação.",Alto,Alto,639
Validação de OTP sem proteção adequada (captcha/ratelimit),Médio,"Durante o teste de segurança, verificou-se que o captcha está aplicado apenas no login, não sendo exigido no fluxo de troca de senha. Ao solicitar a troca de senha, a aplicação envia um token via SMS (OTP) e permite múltiplas tentativas de validação do código sem qualquer desafio adicional (p. ex., captcha) ou mecanismo efetivo de limitação de tentativas (rate limiting / lockout). Esse comportamento habilita ataques de força bruta ao OTP, mesmo que, no teste, as tentativas tenham retornado HTTP 401 (token inválido/expirado), a ausência de controles adequados caracteriza falha de autenticação/recuperação, enquadrando-se nas categorias OWASP Top 10 A07: Identification and Authentication Failures e CWE‑307: Improper Restriction of Excessive Authentication Attempts.","A ausência de mecanismos de proteção no endpoint de verificação do OTP (código via SMS), como rate limiting, bloqueio após tentativas falhas e captcha consistente — expõe o fluxo de troca de senha a um risco direto de ataque de força bruta.","Aplicar rate limiting/lockout por verificação de OTPUniformizar o desafio (p.ex., captcha server‑side com detecção de automação/bot) em todo o fluxo sensível (solicitar/reenviar OTP e verificar OTP), não apenas no login.",Médio,Médio,
IDOR - Extrato de Conciliação,Alto,"A aplicação não faz a devida validação se um usuário tem permissão para visualizar informações de outros usuários. Dessa forma, um agente malicioso, ao alterar determinados parâmetros, inserindo valores que não os originais, é possível obter informações confidenciais e/ou sensíveis de outros usuários, o que por padrão, não deveriam ser obtidos.","Agentes maliciosos podem obter informações de outros usuários através de manipulações de parâmetros vulneráveis. Como consequência, vazamento de informações podem ocorrer. Em determinados casos é possível alterar valores e informações críticas de outros usuários que não o próprio, ocasionando em corrupção de dados da aplicação. Além de outras, dentre as quais:Exposição de informações confidenciais: Controle total de informações da conta de outros usuários.Alteração de dados: um agente malicioso pode ter privilégios para acessar seus dados e alterá-los.","Algumas das recomendações sugeridas são:Fazer a validação se um usuário tem a devida permissão para visualizar, editar/alterar e ou atualizar informações de outros usuários.Não permitir que a alteração de parâmetros impacte a aplicação ou retorne dados de outros usuários.Enviar informações confidenciais e/ou sensíveis em canais seguros de comunicação, o que inclui, entre vários aspectos a utilização de criptografia, tokens atuais e seguros para transmissão de informações, uso de captchas e sistemas de bloqueio etc.Não utilizar valores de objetos facilmente predizíeis, como valores puramente numéricos ou combinações frágeis. Utilizar, no lugar, um identificador de objeto que em cenários de ataques de dicionário/força bruta sejam de difícil adivinhação.",Alto,Alto,639
Excesso de HTTP Headers em [BCE] Aquisição Conta,Baixo,"Durante a análise, foi observada uma resposta válida do servidor contendo um número excessivo de cabeçalhos HTTP. Essa quantidade elevada de headers expõe uma ampla gama de informações, potencialmente sensíveis, que podem auxiliar um atacante em atividades de reconhecimento.","A exposição excessiva de cabeçalhos HTTP pode revelar informações sensíveis sobre a infraestrutura, tecnologias utilizadas, versões de software, tokens ou identificadores internos. Esses dados podem ser utilizados por atacantes para realizar reconhecimento, identificar vetores de ataque e facilitar a exploração de outras vulnerabilidades no ambiente.","Reduza a exposição de informações sensíveis nos cabeçalhos HTTP retornados pelo servidor. Avalie a necessidade de cada header presente na resposta e remova os desnecessários. Além disso, implemente controles para limitar a divulgação de informações técnicas que possam auxiliar um atacante em atividades de reconhecimento.",Baixo,Baixo,209
IDOR na Exposição e Download Indevido de Questionários ESG,Alto,"A aplicação não faz a devida validação se um usuário tem permissão para visualizar informações de outros usuários. Dessa forma, um agente malicioso, ao alterar determinados parâmetros, inserindo valores que não os originais, é possível obter informações confidenciais e/ou sensíveis de outros usuários, o que por padrão, não deveriam ser obtidos.","Agentes maliciosos podem obter informações de outros usuários através de manipulações de parâmetros vulneráveis. Como consequência, vazamento de informações podem ocorrer. Em determinados casos é possível alterar valores e informações críticas de outros usuários que não o próprio, ocasionando em corrupção de dados da aplicação. Além de outras, dentre as quais:Exposição de informações confidenciais: Controle total de informações da conta de outros usuários.Alteração de dados: um agente malicioso pode ter privilégios para acessar seus dados e alterá-los.","Algumas das recomendações sugeridas são:Fazer a validação se um usuário tem a devida permissão para visualizar, editar/alterar e ou atualizar informações de outros usuários.Não permitir que a alteração de parâmetros impacte a aplicação ou retorne dados de outros usuários.Enviar informações confidenciais e/ou sensíveis em canais seguros de comunicação, o que inclui, entre vários aspectos a utilização de criptografia, tokens atuais e seguros para transmissão de informações, uso de captchas e sistemas de bloqueio etc.Não utilizar valores de objetos facilmente predizíeis, como valores puramente numéricos ou combinações frágeis. Utilizar, no lugar, um identificador de objeto que em cenários de ataques de dicionário/força bruta sejam de difícil adivinhação.",Alto,Alto,639
Referência Direta Insegura a Objetos (IDOR) - Bloquear Usuário,Alto,"A aplicação não faz a devida validação se um usuário tem permissão para visualizar informações de outros usuários. Dessa forma, um agente malicioso, ao alterar determinados parâmetros, inserindo valores que não os originais, é possível obter informações confidenciais e/ou sensíveis de outros usuários, o que por padrão, não deveriam ser obtidos.","Agentes maliciosos podem obter informações de outros usuários através de manipulações de parâmetros vulneráveis. Como consequência, vazamento de informações podem ocorrer. Em determinados casos é possível alterar valores e informações críticas de outros usuários que não o próprio, ocasionando em corrupção de dados da aplicação. Além de outras, dentre as quais:Exposição de informações confidenciais: Controle total de informações da conta de outros usuários.Alteração de dados: um agente malicioso pode ter privilégios para acessar seus dados e alterá-los.","Algumas das recomendações sugeridas são:Fazer a validação se um usuário tem a devida permissão para visualizar, editar/alterar e ou atualizar informações de outros usuários.Não permitir que a alteração de parâmetros impacte a aplicação ou retorne dados de outros usuários.Enviar informações confidenciais e/ou sensíveis em canais seguros de comunicação, o que inclui, entre vários aspectos a utilização de criptografia, tokens atuais e seguros para transmissão de informações, uso de captchas e sistemas de bloqueio etc.Não utilizar valores de objetos facilmente predizíeis, como valores puramente numéricos ou combinações frágeis. Utilizar, no lugar, um identificador de objeto que em cenários de ataques de dicionário/força bruta sejam de difícil adivinhação.",Alto,Alto,639
Referência Direta Insegura a Objetos (IDOR) - Consultar Usuários,Alto,"A aplicação não faz a devida validação se um usuário tem permissão para visualizar informações de outros usuários. Dessa forma, um agente malicioso, ao alterar determinados parâmetros, inserindo valores que não os originais, é possível obter informações confidenciais e/ou sensíveis de outros usuários, o que por padrão, não deveriam ser obtidos.","Agentes maliciosos podem obter informações de outros usuários através de manipulações de parâmetros vulneráveis. Como consequência, vazamento de informações podem ocorrer. Em determinados casos é possível alterar valores e informações críticas de outros usuários que não o próprio, ocasionando em corrupção de dados da aplicação. Além de outras, dentre as quais:Exposição de informações confidenciais: Controle total de informações da conta de outros usuários.Alteração de dados: um agente malicioso pode ter privilégios para acessar seus dados e alterá-los.","Algumas das recomendações sugeridas são:Fazer a validação se um usuário tem a devida permissão para visualizar, editar/alterar e ou atualizar informações de outros usuários.Não permitir que a alteração de parâmetros impacte a aplicação ou retorne dados de outros usuários.Enviar informações confidenciais e/ou sensíveis em canais seguros de comunicação, o que inclui, entre vários aspectos a utilização de criptografia, tokens atuais e seguros para transmissão de informações, uso de captchas e sistemas de bloqueio etc.Não utilizar valores de objetos facilmente predizíeis, como valores puramente numéricos ou combinações frágeis. Utilizar, no lugar, um identificador de objeto que em cenários de ataques de dicionário/força bruta sejam de difícil adivinhação.",Alto,Alto,639
Referência Direta Insegura a Objetos (IDOR) - Deletar Usuário,Alto,"A aplicação não faz a devida validação se um usuário tem permissão para visualizar informações de outros usuários. Dessa forma, um agente malicioso, ao alterar determinados parâmetros, inserindo valores que não os originais, é possível obter informações confidenciais e/ou sensíveis de outros usuários, o que por padrão, não deveriam ser obtidos.","Agentes maliciosos podem obter informações de outros usuários através de manipulações de parâmetros vulneráveis. Como consequência, vazamento de informações podem ocorrer. Em determinados casos é possível alterar valores e informações críticas de outros usuários que não o próprio, ocasionando em corrupção de dados da aplicação. Além de outras, dentre as quais:Exposição de informações confidenciais: Controle total de informações da conta de outros usuários.Alteração de dados: um agente malicioso pode ter privilégios para acessar seus dados e alterá-los.","Algumas das recomendações sugeridas são:Fazer a validação se um usuário tem a devida permissão para visualizar, editar/alterar e ou atualizar informações de outros usuários.Não permitir que a alteração de parâmetros impacte a aplicação ou retorne dados de outros usuários.Enviar informações confidenciais e/ou sensíveis em canais seguros de comunicação, o que inclui, entre vários aspectos a utilização de criptografia, tokens atuais e seguros para transmissão de informações, uso de captchas e sistemas de bloqueio etc.Não utilizar valores de objetos facilmente predizíeis, como valores puramente numéricos ou combinações frágeis. Utilizar, no lugar, um identificador de objeto que em cenários de ataques de dicionário/força bruta sejam de difícil adivinhação.",Alto,Alto,639
IDOR no Endpoint de Validação de E‑mail do Questionário ESG,Alto,"A aplicação não faz a devida validação se um usuário tem permissão para visualizar informações de outros usuários. Dessa forma, um agente malicioso, ao alterar determinados parâmetros, inserindo valores que não os originais, é possível obter informações confidenciais e/ou sensíveis de outros usuários, o que por padrão, não deveriam ser obtidos.","Agentes maliciosos podem obter informações de outros usuários através de manipulações de parâmetros vulneráveis. Como consequência, vazamento de informações podem ocorrer. Em determinados casos é possível alterar valores e informações críticas de outros usuários que não o próprio, ocasionando em corrupção de dados da aplicação. Além de outras, dentre as quais:Exposição de informações confidenciais: Controle total de informações da conta de outros usuários.Alteração de dados: um agente malicioso pode ter privilégios para acessar seus dados e alterá-los.","Algumas das recomendações sugeridas são:Fazer a validação se um usuário tem a devida permissão para visualizar, editar/alterar e ou atualizar informações de outros usuários.Não permitir que a alteração de parâmetros impacte a aplicação ou retorne dados de outros usuários.Enviar informações confidenciais e/ou sensíveis em canais seguros de comunicação, o que inclui, entre vários aspectos a utilização de criptografia, tokens atuais e seguros para transmissão de informações, uso de captchas e sistemas de bloqueio etc.Não utilizar valores de objetos facilmente predizíeis, como valores puramente numéricos ou combinações frágeis. Utilizar, no lugar, um identificador de objeto que em cenários de ataques de dicionário/força bruta sejam de difícil adivinhação.",Alto,Alto,639
Referência Direta Insegura a Objetos (IDOR) - Criar Usuário,Alto,"A aplicação não faz a devida validação se um usuário tem permissão para visualizar informações de outros usuários. Dessa forma, um agente malicioso, ao alterar determinados parâmetros, inserindo valores que não os originais, é possível obter informações confidenciais e/ou sensíveis de outros usuários, o que por padrão, não deveriam ser obtidos.","Agentes maliciosos podem obter informações de outros usuários através de manipulações de parâmetros vulneráveis. Como consequência, vazamento de informações podem ocorrer. Em determinados casos é possível alterar valores e informações críticas de outros usuários que não o próprio, ocasionando em corrupção de dados da aplicação. Além de outras, dentre as quais:Exposição de informações confidenciais: Controle total de informações da conta de outros usuários.Alteração de dados: um agente malicioso pode ter privilégios para acessar seus dados e alterá-los.","Algumas das recomendações sugeridas são:Fazer a validação se um usuário tem a devida permissão para visualizar, editar/alterar e ou atualizar informações de outros usuários.Não permitir que a alteração de parâmetros impacte a aplicação ou retorne dados de outros usuários.Enviar informações confidenciais e/ou sensíveis em canais seguros de comunicação, o que inclui, entre vários aspectos a utilização de criptografia, tokens atuais e seguros para transmissão de informações, uso de captchas e sistemas de bloqueio etc.Não utilizar valores de objetos facilmente predizíeis, como valores puramente numéricos ou combinações frágeis. Utilizar, no lugar, um identificador de objeto que em cenários de ataques de dicionário/força bruta sejam de difícil adivinhação.",Alto,Alto,639
"Avaliação de Limites de Requisições, Sem Rate Limiting Observado",Baixo,A aplicação não possui controle de taxa (rate limiting) adequado para limitar o número ou a frequência das requisições.,"Sistemas que utilizam serviços de envio de email, sms ou qualquer outra ferramenta que realize a cobrança por taxa de envio esse tipo de ataque pode resultar em perda financeira para empresa e também sobrecarga dos seus serviços causando retardamento e uma possível negação de serviço causando risco de negócios.",Implementar soluções de segurança contra ferramentas automatizadas como por exemplo códigos que limitam requisições continuas em um período de tempo curto ou uso de recaptchas onde o usuário passa por um processo onde tem que selecionar figuras ou responder algum tipo de pergunta para que a requisição seja validada e enviada para o servidor dessa forma realizando o controle de requisições realizadas por ferramentas automatizadas.,Baixo,Baixo,799
Referência Direta Insegura a Objetos (IDOR) - Deletar Perfil de Acesso,Alto,"A aplicação não faz a devida validação se um usuário tem permissão para visualizar informações de outros usuários. Dessa forma, um agente malicioso, ao alterar determinados parâmetros, inserindo valores que não os originais, é possível obter informações confidenciais e/ou sensíveis de outros usuários, o que por padrão, não deveriam ser obtidos.","Agentes maliciosos podem obter informações de outros usuários através de manipulações de parâmetros vulneráveis. Como consequência, vazamento de informações podem ocorrer. Em determinados casos é possível alterar valores e informações críticas de outros usuários que não o próprio, ocasionando em corrupção de dados da aplicação. Além de outras, dentre as quais:Exposição de informações confidenciais: Controle total de informações da conta de outros usuários.Alteração de dados: um agente malicioso pode ter privilégios para acessar seus dados e alterá-los.","Algumas das recomendações sugeridas são:Fazer a validação se um usuário tem a devida permissão para visualizar, editar/alterar e ou atualizar informações de outros usuários.Não permitir que a alteração de parâmetros impacte a aplicação ou retorne dados de outros usuários.Enviar informações confidenciais e/ou sensíveis em canais seguros de comunicação, o que inclui, entre vários aspectos a utilização de criptografia, tokens atuais e seguros para transmissão de informações, uso de captchas e sistemas de bloqueio etc.Não utilizar valores de objetos facilmente predizíeis, como valores puramente numéricos ou combinações frágeis. Utilizar, no lugar, um identificador de objeto que em cenários de ataques de dicionário/força bruta sejam de difícil adivinhação.",Alto,Alto,639
Referência Direta Insegura a Objetos (IDOR) - Alterar Perfil de Acesso,Alto,"A aplicação não faz a devida validação se um usuário tem permissão para visualizar informações de outros usuários. Dessa forma, um agente malicioso, ao alterar determinados parâmetros, inserindo valores que não os originais, é possível obter informações confidenciais e/ou sensíveis de outros usuários, o que por padrão, não deveriam ser obtidos.","Agentes maliciosos podem obter informações de outros usuários através de manipulações de parâmetros vulneráveis. Como consequência, vazamento de informações podem ocorrer. Em determinados casos é possível alterar valores e informações críticas de outros usuários que não o próprio, ocasionando em corrupção de dados da aplicação. Além de outras, dentre as quais:Exposição de informações confidenciais: Controle total de informações da conta de outros usuários.Alteração de dados: um agente malicioso pode ter privilégios para acessar seus dados e alterá-los.","Algumas das recomendações sugeridas são:Fazer a validação se um usuário tem a devida permissão para visualizar, editar/alterar e ou atualizar informações de outros usuários.Não permitir que a alteração de parâmetros impacte a aplicação ou retorne dados de outros usuários.Enviar informações confidenciais e/ou sensíveis em canais seguros de comunicação, o que inclui, entre vários aspectos a utilização de criptografia, tokens atuais e seguros para transmissão de informações, uso de captchas e sistemas de bloqueio etc.Não utilizar valores de objetos facilmente predizíeis, como valores puramente numéricos ou combinações frágeis. Utilizar, no lugar, um identificador de objeto que em cenários de ataques de dicionário/força bruta sejam de difícil adivinhação.",Alto,Alto,639
Referência Direta Insegura a Objetos (IDOR) - Criar Perfil de Acesso,Alto,"A aplicação não faz a devida validação se um usuário tem permissão para visualizar informações de outros usuários. Dessa forma, um agente malicioso, ao alterar determinados parâmetros, inserindo valores que não os originais, é possível obter informações confidenciais e/ou sensíveis de outros usuários, o que por padrão, não deveriam ser obtidos.","Agentes maliciosos podem obter informações de outros usuários através de manipulações de parâmetros vulneráveis. Como consequência, vazamento de informações podem ocorrer. Em determinados casos é possível alterar valores e informações críticas de outros usuários que não o próprio, ocasionando em corrupção de dados da aplicação. Além de outras, dentre as quais:Exposição de informações confidenciais: Controle total de informações da conta de outros usuários.Alteração de dados: um agente malicioso pode ter privilégios para acessar seus dados e alterá-los.","Algumas das recomendações sugeridas são:Fazer a validação se um usuário tem a devida permissão para visualizar, editar/alterar e ou atualizar informações de outros usuários.Não permitir que a alteração de parâmetros impacte a aplicação ou retorne dados de outros usuários.Enviar informações confidenciais e/ou sensíveis em canais seguros de comunicação, o que inclui, entre vários aspectos a utilização de criptografia, tokens atuais e seguros para transmissão de informações, uso de captchas e sistemas de bloqueio etc.Não utilizar valores de objetos facilmente predizíeis, como valores puramente numéricos ou combinações frágeis. Utilizar, no lugar, um identificador de objeto que em cenários de ataques de dicionário/força bruta sejam de difícil adivinhação.",Alto,Alto,639
Referência Direta Insegura a Objetos (IDOR) - Cosultar Usuários Associados,Alto,"A aplicação não faz a devida validação se um usuário tem permissão para visualizar informações de outros usuários. Dessa forma, um agente malicioso, ao alterar determinados parâmetros, inserindo valores que não os originais, é possível obter informações confidenciais e/ou sensíveis de outros usuários, o que por padrão, não deveriam ser obtidos.","Agentes maliciosos podem obter informações de outros usuários através de manipulações de parâmetros vulneráveis. Como consequência, vazamento de informações podem ocorrer. Em determinados casos é possível alterar valores e informações críticas de outros usuários que não o próprio, ocasionando em corrupção de dados da aplicação. Além de outras, dentre as quais:Exposição de informações confidenciais: Controle total de informações da conta de outros usuários.Alteração de dados: um agente malicioso pode ter privilégios para acessar seus dados e alterá-los.","Algumas das recomendações sugeridas são:Fazer a validação se um usuário tem a devida permissão para visualizar, editar/alterar e ou atualizar informações de outros usuários.Não permitir que a alteração de parâmetros impacte a aplicação ou retorne dados de outros usuários.Enviar informações confidenciais e/ou sensíveis em canais seguros de comunicação, o que inclui, entre vários aspectos a utilização de criptografia, tokens atuais e seguros para transmissão de informações, uso de captchas e sistemas de bloqueio etc.Não utilizar valores de objetos facilmente predizíeis, como valores puramente numéricos ou combinações frágeis. Utilizar, no lugar, um identificador de objeto que em cenários de ataques de dicionário/força bruta sejam de difícil adivinhação.",Alto,Alto,639
Referência Direta Insegura a Objetos (IDOR) - Consultar perfil de acesso,Alto,"A aplicação não faz a devida validação se um usuário tem permissão para visualizar informações de outros usuários. Dessa forma, um agente malicioso, ao alterar determinados parâmetros, inserindo valores que não os originais, é possível obter informações confidenciais e/ou sensíveis de outros usuários, o que por padrão, não deveriam ser obtidos.","Agentes maliciosos podem obter informações de outros usuários através de manipulações de parâmetros vulneráveis. Como consequência, vazamento de informações podem ocorrer. Em determinados casos é possível alterar valores e informações críticas de outros usuários que não o próprio, ocasionando em corrupção de dados da aplicação. Além de outras, dentre as quais:Exposição de informações confidenciais: Controle total de informações da conta de outros usuários.Alteração de dados: um agente malicioso pode ter privilégios para acessar seus dados e alterá-los.","Algumas das recomendações sugeridas são:Fazer a validação se um usuário tem a devida permissão para visualizar, editar/alterar e ou atualizar informações de outros usuários.Não permitir que a alteração de parâmetros impacte a aplicação ou retorne dados de outros usuários.Enviar informações confidenciais e/ou sensíveis em canais seguros de comunicação, o que inclui, entre vários aspectos a utilização de criptografia, tokens atuais e seguros para transmissão de informações, uso de captchas e sistemas de bloqueio etc.Não utilizar valores de objetos facilmente predizíeis, como valores puramente numéricos ou combinações frágeis. Utilizar, no lugar, um identificador de objeto que em cenários de ataques de dicionário/força bruta sejam de difícil adivinhação.",Alto,Alto,639
IDOR na Exclusão de Favorecidos (Quebra de Isolamento Entre Empresas),Alto,"A aplicação não faz a devida validação se um usuário tem permissão para visualizar informações de outros usuários. Dessa forma, um agente malicioso, ao alterar determinados parâmetros, inserindo valores que não os originais, é possível obter informações confidenciais e/ou sensíveis de outros usuários, o que por padrão, não deveriam ser obtidos.","Agentes maliciosos podem obter informações de outros usuários através de manipulações de parâmetros vulneráveis. Como consequência, vazamento de informações podem ocorrer. Em determinados casos é possível alterar valores e informações críticas de outros usuários que não o próprio, ocasionando em corrupção de dados da aplicação. Além de outras, dentre as quais:Exposição de informações confidenciais: Controle total de informações da conta de outros usuários.Alteração de dados: um agente malicioso pode ter privilégios para acessar seus dados e alterá-los.","Algumas das recomendações sugeridas são:Fazer a validação se um usuário tem a devida permissão para visualizar, editar/alterar e ou atualizar informações de outros usuários.Não permitir que a alteração de parâmetros impacte a aplicação ou retorne dados de outros usuários.Enviar informações confidenciais e/ou sensíveis em canais seguros de comunicação, o que inclui, entre vários aspectos a utilização de criptografia, tokens atuais e seguros para transmissão de informações, uso de captchas e sistemas de bloqueio etc.Não utilizar valores de objetos facilmente predizíeis, como valores puramente numéricos ou combinações frágeis. Utilizar, no lugar, um identificador de objeto que em cenários de ataques de dicionário/força bruta sejam de difícil adivinhação.",Alto,Alto,639
IDOR acesso indevido à gestão de carteira de outras filiais,Alto,"A aplicação não faz a devida validação se um usuário tem permissão para visualizar informações de outros usuários. Dessa forma, um agente malicioso, ao alterar determinados parâmetros, inserindo valores que não os originais, é possível obter informações confidenciais e/ou sensíveis de outros usuários, o que por padrão, não deveriam ser obtidos.","Agentes maliciosos podem obter informações de outros usuários através de manipulações de parâmetros vulneráveis. Como consequência, vazamento de informações podem ocorrer. Em determinados casos é possível alterar valores e informações críticas de outros usuários que não o próprio, ocasionando em corrupção de dados da aplicação. Além de outras, dentre as quais:Exposição de informações confidenciais: Controle total de informações da conta de outros usuários.Alteração de dados: um agente malicioso pode ter privilégios para acessar seus dados e alterá-los.","Algumas das recomendações sugeridas são:Fazer a validação se um usuário tem a devida permissão para visualizar, editar/alterar e ou atualizar informações de outros usuários.Não permitir que a alteração de parâmetros impacte a aplicação ou retorne dados de outros usuários.Enviar informações confidenciais e/ou sensíveis em canais seguros de comunicação, o que inclui, entre vários aspectos a utilização de criptografia, tokens atuais e seguros para transmissão de informações, uso de captchas e sistemas de bloqueio etc.Não utilizar valores de objetos facilmente predizíeis, como valores puramente numéricos ou combinações frágeis. Utilizar, no lugar, um identificador de objeto que em cenários de ataques de dicionário/força bruta sejam de difícil adivinhação.",Alto,Alto,639
IDOR permitindo acesso a parceiros com carteira de outras filiais,Alto,"A aplicação não faz a devida validação se um usuário tem permissão para visualizar informações de outros usuários. Dessa forma, um agente malicioso, ao alterar determinados parâmetros, inserindo valores que não os originais, é possível obter informações confidenciais e/ou sensíveis de outros usuários, o que por padrão, não deveriam ser obtidos.","Agentes maliciosos podem obter informações de outros usuários através de manipulações de parâmetros vulneráveis. Como consequência, vazamento de informações podem ocorrer. Em determinados casos é possível alterar valores e informações críticas de outros usuários que não o próprio, ocasionando em corrupção de dados da aplicação. Além de outras, dentre as quais:Exposição de informações confidenciais: Controle total de informações da conta de outros usuários.Alteração de dados: um agente malicioso pode ter privilégios para acessar seus dados e alterá-los.","Algumas das recomendações sugeridas são:Fazer a validação se um usuário tem a devida permissão para visualizar, editar/alterar e ou atualizar informações de outros usuários.Não permitir que a alteração de parâmetros impacte a aplicação ou retorne dados de outros usuários.Enviar informações confidenciais e/ou sensíveis em canais seguros de comunicação, o que inclui, entre vários aspectos a utilização de criptografia, tokens atuais e seguros para transmissão de informações, uso de captchas e sistemas de bloqueio etc.Não utilizar valores de objetos facilmente predizíeis, como valores puramente numéricos ou combinações frágeis. Utilizar, no lugar, um identificador de objeto que em cenários de ataques de dicionário/força bruta sejam de difícil adivinhação.",Alto,Alto,639
IDOR em portfólios permitindo acesso a parceiros e CNPJs de outras filiais/usuários,Alto,"A aplicação não faz a devida validação se um usuário tem permissão para visualizar informações de outros usuários. Dessa forma, um agente malicioso, ao alterar determinados parâmetros, inserindo valores que não os originais, é possível obter informações confidenciais e/ou sensíveis de outros usuários, o que por padrão, não deveriam ser obtidos.","Agentes maliciosos podem obter informações de outros usuários através de manipulações de parâmetros vulneráveis. Como consequência, vazamento de informações podem ocorrer. Em determinados casos é possível alterar valores e informações críticas de outros usuários que não o próprio, ocasionando em corrupção de dados da aplicação. Além de outras, dentre as quais:Exposição de informações confidenciais: Controle total de informações da conta de outros usuários.Alteração de dados: um agente malicioso pode ter privilégios para acessar seus dados e alterá-los.","Algumas das recomendações sugeridas são:Fazer a validação se um usuário tem a devida permissão para visualizar, editar/alterar e ou atualizar informações de outros usuários.Não permitir que a alteração de parâmetros impacte a aplicação ou retorne dados de outros usuários.Enviar informações confidenciais e/ou sensíveis em canais seguros de comunicação, o que inclui, entre vários aspectos a utilização de criptografia, tokens atuais e seguros para transmissão de informações, uso de captchas e sistemas de bloqueio etc.Não utilizar valores de objetos facilmente predizíeis, como valores puramente numéricos ou combinações frágeis. Utilizar, no lugar, um identificador de objeto que em cenários de ataques de dicionário/força bruta sejam de difícil adivinhação.",Alto,Alto,639
IDOR no vínculo de parceiro ao portfólio,Alto,"A aplicação não faz a devida validação se um usuário tem permissão para visualizar informações de outros usuários. Dessa forma, um agente malicioso, ao alterar determinados parâmetros, inserindo valores que não os originais, é possível obter informações confidenciais e/ou sensíveis de outros usuários, o que por padrão, não deveriam ser obtidos.","Agentes maliciosos podem obter informações de outros usuários através de manipulações de parâmetros vulneráveis. Como consequência, vazamento de informações podem ocorrer. Em determinados casos é possível alterar valores e informações críticas de outros usuários que não o próprio, ocasionando em corrupção de dados da aplicação. Além de outras, dentre as quais:Exposição de informações confidenciais: Controle total de informações da conta de outros usuários.Alteração de dados: um agente malicioso pode ter privilégios para acessar seus dados e alterá-los.","Algumas das recomendações sugeridas são:Fazer a validação se um usuário tem a devida permissão para visualizar, editar/alterar e ou atualizar informações de outros usuários.Não permitir que a alteração de parâmetros impacte a aplicação ou retorne dados de outros usuários.Enviar informações confidenciais e/ou sensíveis em canais seguros de comunicação, o que inclui, entre vários aspectos a utilização de criptografia, tokens atuais e seguros para transmissão de informações, uso de captchas e sistemas de bloqueio etc.Não utilizar valores de objetos facilmente predizíeis, como valores puramente numéricos ou combinações frágeis. Utilizar, no lugar, um identificador de objeto que em cenários de ataques de dicionário/força bruta sejam de difícil adivinhação.",Alto,Alto,639
IDOR permitindo acesso a parceiros sem carteira de outras filiais,Médio,"A aplicação não faz a devida validação se um usuário tem permissão para visualizar informações de outros usuários. Dessa forma, um agente malicioso, ao alterar determinados parâmetros, inserindo valores que não os originais, é possível obter informações confidenciais e/ou sensíveis de outros usuários, o que por padrão, não deveriam ser obtidos.","Agentes maliciosos podem obter informações de outros usuários através de manipulações de parâmetros vulneráveis. Como consequência, vazamento de informações podem ocorrer. Em determinados casos é possível alterar valores e informações críticas de outros usuários que não o próprio, ocasionando em corrupção de dados da aplicação. Além de outras, dentre as quais:Exposição de informações confidenciais: Controle total de informações da conta de outros usuários.Alteração de dados: um agente malicioso pode ter privilégios para acessar seus dados e alterá-los.","Algumas das recomendações sugeridas são:Fazer a validação se um usuário tem a devida permissão para visualizar, editar/alterar e ou atualizar informações de outros usuários.Não permitir que a alteração de parâmetros impacte a aplicação ou retorne dados de outros usuários.Enviar informações confidenciais e/ou sensíveis em canais seguros de comunicação, o que inclui, entre vários aspectos a utilização de criptografia, tokens atuais e seguros para transmissão de informações, uso de captchas e sistemas de bloqueio etc.Não utilizar valores de objetos facilmente predizíeis, como valores puramente numéricos ou combinações frágeis. Utilizar, no lugar, um identificador de objeto que em cenários de ataques de dicionário/força bruta sejam de difícil adivinhação.",Médio,Médio,639
IDOR em Controle de Acesso Horizontal na Gestão de Carteira,Alto,"A aplicação não faz a devida validação se um usuário tem permissão para visualizar informações de outros usuários. Dessa forma, um agente malicioso, ao alterar determinados parâmetros, inserindo valores que não os originais, é possível obter informações confidenciais e/ou sensíveis de outros usuários, o que por padrão, não deveriam ser obtidos.","Agentes maliciosos podem obter informações de outros usuários através de manipulações de parâmetros vulneráveis. Como consequência, vazamento de informações podem ocorrer. Em determinados casos é possível alterar valores e informações críticas de outros usuários que não o próprio, ocasionando em corrupção de dados da aplicação. Além de outras, dentre as quais:Exposição de informações confidenciais: Controle total de informações da conta de outros usuários.Alteração de dados: um agente malicioso pode ter privilégios para acessar seus dados e alterá-los.","Algumas das recomendações sugeridas são:Fazer a validação se um usuário tem a devida permissão para visualizar, editar/alterar e ou atualizar informações de outros usuários.Não permitir que a alteração de parâmetros impacte a aplicação ou retorne dados de outros usuários.Enviar informações confidenciais e/ou sensíveis em canais seguros de comunicação, o que inclui, entre vários aspectos a utilização de criptografia, tokens atuais e seguros para transmissão de informações, uso de captchas e sistemas de bloqueio etc.Não utilizar valores de objetos facilmente predizíeis, como valores puramente numéricos ou combinações frágeis. Utilizar, no lugar, um identificador de objeto que em cenários de ataques de dicionário/força bruta sejam de difícil adivinhação.",Alto,Alto,639
Referência Direta Insegura a Objetos (IDOR) - Cancelar Lançamento Após Aprovado,Alto,"A aplicação não faz a devida validação se um usuário tem permissão para visualizar informações de outros usuários. Dessa forma, um agente malicioso, ao alterar determinados parâmetros, inserindo valores que não os originais, é possível obter informações confidenciais e/ou sensíveis de outros usuários, o que por padrão, não deveriam ser obtidos.","Agentes maliciosos podem obter informações de outros usuários através de manipulações de parâmetros vulneráveis. Como consequência, vazamento de informações podem ocorrer. Em determinados casos é possível alterar valores e informações críticas de outros usuários que não o próprio, ocasionando em corrupção de dados da aplicação. Além de outras, dentre as quais:Exposição de informações confidenciais: Controle total de informações da conta de outros usuários.Alteração de dados: um agente malicioso pode ter privilégios para acessar seus dados e alterá-los.","Algumas das recomendações sugeridas são:Fazer a validação se um usuário tem a devida permissão para visualizar, editar/alterar e ou atualizar informações de outros usuários.Não permitir que a alteração de parâmetros impacte a aplicação ou retorne dados de outros usuários.Enviar informações confidenciais e/ou sensíveis em canais seguros de comunicação, o que inclui, entre vários aspectos a utilização de criptografia, tokens atuais e seguros para transmissão de informações, uso de captchas e sistemas de bloqueio etc.Não utilizar valores de objetos facilmente predizíeis, como valores puramente numéricos ou combinações frágeis. Utilizar, no lugar, um identificador de objeto que em cenários de ataques de dicionário/força bruta sejam de difícil adivinhação.",Alto,Alto,639
(IDOR) Acesso Não Autorizado a Comprovantes de Transação,Alto,"A aplicação não faz a devida validação se um usuário tem permissão para visualizar informações de outros usuários. Dessa forma, um agente malicioso, ao alterar determinados parâmetros, inserindo valores que não os originais, é possível obter informações confidenciais e/ou sensíveis de outros usuários, o que por padrão, não deveriam ser obtidos.","Agentes maliciosos podem obter informações de outros usuários através de manipulações de parâmetros vulneráveis. Como consequência, vazamento de informações podem ocorrer. Em determinados casos é possível alterar valores e informações críticas de outros usuários que não o próprio, ocasionando em corrupção de dados da aplicação. Além de outras, dentre as quais:Exposição de informações confidenciais: Controle total de informações da conta de outros usuários.Alteração de dados: um agente malicioso pode ter privilégios para acessar seus dados e alterá-los.","Algumas das recomendações sugeridas são:Fazer a validação se um usuário tem a devida permissão para visualizar, editar/alterar e ou atualizar informações de outros usuários.Não permitir que a alteração de parâmetros impacte a aplicação ou retorne dados de outros usuários.Enviar informações confidenciais e/ou sensíveis em canais seguros de comunicação, o que inclui, entre vários aspectos a utilização de criptografia, tokens atuais e seguros para transmissão de informações, uso de captchas e sistemas de bloqueio etc.Não utilizar valores de objetos facilmente predizíeis, como valores puramente numéricos ou combinações frágeis. Utilizar, no lugar, um identificador de objeto que em cenários de ataques de dicionário/força bruta sejam de difícil adivinhação.",Alto,Alto,639
Referência Direta Insegura a Objetos (IDOR) - Alterar Aprovador,Alto,"A aplicação não faz a devida validação se um usuário tem permissão para visualizar informações de outros usuários. Dessa forma, um agente malicioso, ao alterar determinados parâmetros, inserindo valores que não os originais, é possível obter informações confidenciais e/ou sensíveis de outros usuários, o que por padrão, não deveriam ser obtidos.","Agentes maliciosos podem obter informações de outros usuários através de manipulações de parâmetros vulneráveis. Como consequência, vazamento de informações podem ocorrer. Em determinados casos é possível alterar valores e informações críticas de outros usuários que não o próprio, ocasionando em corrupção de dados da aplicação. Além de outras, dentre as quais:Exposição de informações confidenciais: Controle total de informações da conta de outros usuários.Alteração de dados: um agente malicioso pode ter privilégios para acessar seus dados e alterá-los.","Algumas das recomendações sugeridas são:Fazer a validação se um usuário tem a devida permissão para visualizar, editar/alterar e ou atualizar informações de outros usuários.Não permitir que a alteração de parâmetros impacte a aplicação ou retorne dados de outros usuários.Enviar informações confidenciais e/ou sensíveis em canais seguros de comunicação, o que inclui, entre vários aspectos a utilização de criptografia, tokens atuais e seguros para transmissão de informações, uso de captchas e sistemas de bloqueio etc.Não utilizar valores de objetos facilmente predizíeis, como valores puramente numéricos ou combinações frágeis. Utilizar, no lugar, um identificador de objeto que em cenários de ataques de dicionário/força bruta sejam de difícil adivinhação.",Alto,Alto,639
Referência Direta Insegura a Objetos (IDOR) - Consultar Lançamento,Alto,"A aplicação não faz a devida validação se um usuário tem permissão para visualizar informações de outros usuários. Dessa forma, um agente malicioso, ao alterar determinados parâmetros, inserindo valores que não os originais, é possível obter informações confidenciais e/ou sensíveis de outros usuários, o que por padrão, não deveriam ser obtidos.","Agentes maliciosos podem obter informações de outros usuários através de manipulações de parâmetros vulneráveis. Como consequência, vazamento de informações podem ocorrer. Em determinados casos é possível alterar valores e informações críticas de outros usuários que não o próprio, ocasionando em corrupção de dados da aplicação. Além de outras, dentre as quais:Exposição de informações confidenciais: Controle total de informações da conta de outros usuários.Alteração de dados: um agente malicioso pode ter privilégios para acessar seus dados e alterá-los.","Algumas das recomendações sugeridas são:Fazer a validação se um usuário tem a devida permissão para visualizar, editar/alterar e ou atualizar informações de outros usuários.Não permitir que a alteração de parâmetros impacte a aplicação ou retorne dados de outros usuários.Enviar informações confidenciais e/ou sensíveis em canais seguros de comunicação, o que inclui, entre vários aspectos a utilização de criptografia, tokens atuais e seguros para transmissão de informações, uso de captchas e sistemas de bloqueio etc.Não utilizar valores de objetos facilmente predizíeis, como valores puramente numéricos ou combinações frágeis. Utilizar, no lugar, um identificador de objeto que em cenários de ataques de dicionário/força bruta sejam de difícil adivinhação.",Alto,Alto,639
(IDOR) Listagem de operações,Alto,"A aplicação não faz a devida validação se um usuário tem permissão para visualizar informações de outros usuários. Dessa forma, um agente malicioso, ao alterar determinados parâmetros, inserindo valores que não os originais, é possível obter informações confidenciais e/ou sensíveis de outros usuários, o que por padrão, não deveriam ser obtidos.","Agentes maliciosos podem obter informações de outros usuários através de manipulações de parâmetros vulneráveis. Como consequência, vazamento de informações podem ocorrer. Em determinados casos é possível alterar valores e informações críticas de outros usuários que não o próprio, ocasionando em corrupção de dados da aplicação. Além de outras, dentre as quais:Exposição de informações confidenciais: Controle total de informações da conta de outros usuários.Alteração de dados: um agente malicioso pode ter privilégios para acessar seus dados e alterá-los.","Algumas das recomendações sugeridas são:Fazer a validação se um usuário tem a devida permissão para visualizar, editar/alterar e ou atualizar informações de outros usuários.Não permitir que a alteração de parâmetros impacte a aplicação ou retorne dados de outros usuários.Enviar informações confidenciais e/ou sensíveis em canais seguros de comunicação, o que inclui, entre vários aspectos a utilização de criptografia, tokens atuais e seguros para transmissão de informações, uso de captchas e sistemas de bloqueio etc.Não utilizar valores de objetos facilmente predizíeis, como valores puramente numéricos ou combinações frágeis. Utilizar, no lugar, um identificador de objeto que em cenários de ataques de dicionário/força bruta sejam de difícil adivinhação.",Alto,Alto,639
Exposição de Dados Pessoais (PII) via IDOR (BOLA) e Ofuscação Insegura,Alto,Foi identificada uma vulnerabilidade de Exposição de Dados Pessoais (PII) via IDOR (BOLA) e Ofuscação Insegura no endpoint de dados-cadastrais. A falha reside na permissão de consulta irrestrita entre usuários: um CPF autenticado sem necessidade de senha possui privilégios para consultar dados pessoais (PII) de terceiros (outros CPFs).,"A combinação de IDOR e ofuscação insegura permite que qualquer usuário autenticado acesse dados pessoais (PII) de terceiros, incluindo Nome e Data de Nascimento em texto claro, e reconstrua facilmente outros campos. Isso possibilita a automatização de consultas em massa para criar perfis completos de qualquer cliente da base de dados, caracterizando uma violação grave e sistêmica da LGPD, com alto risco de exposição massiva de dados e comprometimento da privacidade.","Validação de Autorização Robusta (Anti-IDOR/BOLA):Implementar verificações de autorização rigorosas para garantir que um CPF autenticado apenas possa consultar seus próprios dados e nunca dados de terceiros, a menos que haja uma permissão explícita e auditável para tal.Proteção de Dados Sensíveis (Anti-Exposição PII):Não retornar PII em texto claro: Especialmente Nome e Data de Nascimento devem ser imediatamente removidos ou mascarados.Mascaramento/Tokenização Forte: Substituir os mecanismos de ofuscação ineficazes por técnicas robustas de mascaramento, tokenização ou criptografia que impossibilitem a reconstrução da estrutura ou dos caracteres iniciais, inviabilizando a reconstituição de perfis.",Alto,Médio,639
Exfiltração Massiva de Dados Pessoais (PII) Através de Ausência/Ineficiência de Rate Limiting,Alto,"Foi identificada uma vulnerabilidade que permite a exposição e extração massiva de dados sensíveis por meio da quebra de autorização nos endpoints de pré-login e dados-cadastrais. A falha permite que um atacante, utilizando token válido, automatize consultas em larga escala sem restrições de rate limiting.","Enumeração e Confirmação: Durante a Prova de Conceito (PoC), processou-se uma amostra de 603 CPFs, dos quais 578 (95,8%) tiveram o cadastro confirmado na base de dados, demonstrando que a API funciona como um base de consulta.Exfiltração Massiva: Foram extraídos 240 dossiês completos contendo Nome Completo e Data de Nascimento em texto claro. Outras informações sensíveis, como Endereço Residencial, Nome da Mãe, Telefone e Nacionalidade, foram reconstruídas através de falhas na ofuscação estrutural dos campos.","Em todos os endpoints (pré-login e dados-cadastrais), cada requisição deve verificar que o usuário associado ao token está explicitamente autorizado a acessar os dados específicos que estão sendo solicitados.Aplique limites rigorosos no número de requisições que podem ser feitas por usuário (token) e/ou por endereço IP para os endpoints mencionados e, idealmente, para todos os endpoints sensíveis.Implemente logs e alertas para tentativas de acesso não autorizado e para padrões de requisições incomuns ou excessivamente volumosas (que poderiam indicar uma tentativa de ataque massivo).",Alto,Médio,799
Exposição de Dados Pessoais (PII) via IDOR (BOLA),Alto,Foi identificada uma vulnerabilidade de Exposição de Dados Pessoais (PII) via IDOR (BOLA) e Ofuscação Insegura no endpoint de dados-cadastrais. A falha reside na permissão de consulta irrestrita entre usuários: um CPF autenticado sem necessidade de senha possui privilégios para consultar dados pessoais (PII) de terceiros (outros CPFs).,"A combinação de IDOR e ofuscação insegura permite que qualquer usuário autenticado acesse dados pessoais (PII) de terceiros, incluindo Nome e Data de Nascimento em texto claro, e reconstrua facilmente outros campos. Isso possibilita a automatização de consultas em massa para criar perfis completos de qualquer cliente da base de dados, caracterizando uma violação grave e sistêmica da LGPD, com alto risco de exposição massiva de dados e comprometimento da privacidade.","Validação de Autorização Robusta (Anti-IDOR/BOLA):Implementar verificações de autorização rigorosas para garantir que um CPF autenticado apenas possa consultar seus próprios dados e nunca dados de terceiros, a menos que haja uma permissão explícita e auditável para tal.Proteção de Dados Sensíveis (Anti-Exposição PII):Não retornar PII em texto claro: Especialmente Nome e Data de Nascimento devem ser imediatamente removidos ou mascarados.Mascaramento/Tokenização Forte: Substituir os mecanismos de ofuscação ineficazes por técnicas robustas de mascaramento, tokenização ou criptografia que impossibilitem a reconstrução da estrutura ou dos caracteres iniciais, inviabilizando a reconstituição de perfis.",Alto,Médio,639
Quebra de Validação de Parâmetros no Lado do Cliente (Client-Side Parameter Tampering),Baixo,"O filtro de data no front-end permite que o usuário selecione apenas os últimos 30 dias. Entretanto, ao inspecionar a requisição enviada à API, é possível manipular manualmente o parâmetro de data, inserindo qualquer intervalo desejado, inclusive períodos superiores a 30 dias.Isso caracteriza uma quebra de validação, pois o controle imposto pelo front-end não é reforçado pelo back-end. Dessa forma, usuários mal-intencionados podem enviar requisições alteradas diretamente para a API utilizando ferramentas como Postman, Burp Suite ou até o próprio console do navegador.","Exposição indevida de dados: Usuários podem consultar informações além do permitido pelo negócio, ampliando o acesso a dados sensíveis, históricos ou restritos.Violação de regras internas: O sistema pode permitir consultas que deveriam estar limitadas por compliance, LGPD ou requisitos de auditoria.Carga indevida no servidor: Requisições com períodos extensos podem gerar consultas mais pesadas, causando lentidão ou degradação do serviço.Possível ponto de entrada para ataques: Manipulação de parâmetros pode ser usada para exploração de outras vulnerabilidades, como SQL Injection, excesso de requisições (DoS), etc.",Validar formato e consistência das datas;Definir e aplicar limites aceitáveis de datas conforme a necessidade da aplicação;Utilizar tipos nativos de data sempre que possível;Implementar tratamento de erros adequado e mensagens claras ao usuário;,Baixo,Baixo,20
IDOR em Resgate de Investimentos,Alto,"A aplicação não faz a devida validação se um usuário tem permissão para visualizar informações de outros usuários. Dessa forma, um agente malicioso, ao alterar determinados parâmetros, inserindo valores que não os originais, é possível obter informações confidenciais e/ou sensíveis de outros usuários, o que por padrão, não deveriam ser obtidos.","Agentes maliciosos podem obter informações de outros usuários através de manipulações de parâmetros vulneráveis. Como consequência, vazamento de informações podem ocorrer. Em determinados casos é possível alterar valores e informações críticas de outros usuários que não o próprio, ocasionando em corrupção de dados da aplicação. Além de outras, dentre as quais:Exposição de informações confidenciais: Controle total de informações da conta de outros usuários.Alteração de dados: um agente malicioso pode ter privilégios para acessar seus dados e alterá-los.","Algumas das recomendações sugeridas são:Fazer a validação se um usuário tem a devida permissão para visualizar, editar/alterar e ou atualizar informações de outros usuários.Não permitir que a alteração de parâmetros impacte a aplicação ou retorne dados de outros usuários.Enviar informações confidenciais e/ou sensíveis em canais seguros de comunicação, o que inclui, entre vários aspectos a utilização de criptografia, tokens atuais e seguros para transmissão de informações, uso de captchas e sistemas de bloqueio etc.Não utilizar valores de objetos facilmente predizíeis, como valores puramente numéricos ou combinações frágeis. Utilizar, no lugar, um identificador de objeto que em cenários de ataques de dicionário/força bruta sejam de difícil adivinhação.",Alto,Alto,639
IDOR Crítico com Resgate Indevido Interempresarial,Alto,"Foi possível alterar o ID do investimento no endpoint /investments/v1/fees, obtendo dados de 32 investimentos de outras contas.No fluxo de resgate, durante a validação MFA, a requisição /investments/v1/operations manteve o ID original, permitindo substituição manual.Após trocar o ID por um investimento de outra empresa, o servidor aceitou a operação, concluindo o resgate indevido com sucesso.Em nenhum momento houve validação de que o recurso pertencia ao usuário autenticado.","O impacto desta vulnerabilidade é crítico, com possibilidade de:Resgate financeiro indevido de investimentos pertencentes a outras empresas ou clientes.Vazamento de informações financeiras sensíveis, incluindo IR, IOF, grossAmount e netAmount.Fraude financeira com movimentação de recursos de terceiros.Quebra de confidencialidade e integridade, violando normas regulatórias (BACEN, CVM, LGPD).Exposição a impacto reputacional severo e risco jurídico para a instituição.Trata-se de uma falha passível de abuso automatizado, escalando o risco operacional.","Implementar validação robusta de autorização em todos os endpoints relacionados a investimentos, garantindo que o investimento consultado ou movimentado pertence ao usuário autenticado.Associar o investimento ao ID do usuário no backend, nunca confiando em valores enviados pelo cliente.Revisar todo o fluxo de resgate (incluindo MFA) para assegurar que o ID do investimento não possa ser manipulado.Adicionar mecanismos de auditoria, rate limiting e monitoramento para detecção de tentativas de exploração.Realizar revisão completa de segurança nos endpoints de investimentos.",Alto,Alto,
Rate Limit Bypass via Header Manipulation,Alto,Este tipo de vulnerabilidade é frequentemente encontrada em formulários que não utilizam mecanismos de defesa contra automação de requisições enviadas para o servidor,"Sistemas que utilizam serviços de envio de email, sms ou qualquer outra ferramenta que realize a cobrança por taxa de envio esse tipo de ataque pode resultar em perda financeira para empresa e também sobrecarga dos seus serviços causando retardamento e uma possível negação de serviço causando risco de negócios.",Implementar soluções de segurança contra ferramentas automatizadas como por exemplo códigos que limitam requisições continuas em um período de tempo curto ou uso de recaptchas onde o usuário passa por um processo onde tem que selecionar figuras ou responder algum tipo de pergunta para que a requisição seja validada e enviada para o servidor dessa forma realizando o controle de requisições realizadas por ferramentas automatizadas.,Alto,Alto,799
Visualização de Propostas via Referência Direta Insegura a Objetos (IDOR),Médio,"A aplicação não faz a devida validação se um usuário tem permissão para visualizar informações de outros usuários. Dessa forma, um agente malicioso, ao alterar determinados parâmetros, inserindo valores que não os originais, é possível obter informações confidenciais e/ou sensíveis de outros usuários, o que por padrão, não deveriam ser obtidos.","Agentes maliciosos podem obter informações de outros usuários através de manipulações de parâmetros vulneráveis. Como consequência, vazamento de informações podem ocorrer. Em determinados casos é possível alterar valores e informações críticas de outros usuários que não o próprio, ocasionando em corrupção de dados da aplicação. Além de outras, dentre as quais:Exposição de informações confidenciais: Controle total de informações da conta de outros usuários.Alteração de dados: um agente malicioso pode ter privilégios para acessar seus dados e alterá-los.","Algumas das recomendações sugeridas são:Fazer a validação se um usuário tem a devida permissão para visualizar, editar/alterar e ou atualizar informações de outros usuários.Não permitir que a alteração de parâmetros impacte a aplicação ou retorne dados de outros usuários.Enviar informações confidenciais e/ou sensíveis em canais seguros de comunicação, o que inclui, entre vários aspectos a utilização de criptografia, tokens atuais e seguros para transmissão de informações, uso de captchas e sistemas de bloqueio etc.Não utilizar valores de objetos facilmente predizíeis, como valores puramente numéricos ou combinações frágeis. Utilizar, no lugar, um identificador de objeto que em cenários de ataques de dicionário/força bruta sejam de difícil adivinhação.",Médio,Médio,639
Visualização de Simulações Abandonadas via Referência Direta Insegura a Objetos (IDOR),Médio,"A aplicação não faz a devida validação se um usuário tem permissão para visualizar informações de outros usuários. Dessa forma, um agente malicioso, ao alterar determinados parâmetros, inserindo valores que não os originais, é possível obter informações confidenciais e/ou sensíveis de outros usuários, o que por padrão, não deveriam ser obtidos.","Agentes maliciosos podem obter informações de outros usuários através de manipulações de parâmetros vulneráveis. Como consequência, vazamento de informações podem ocorrer. Em determinados casos é possível alterar valores e informações críticas de outros usuários que não o próprio, ocasionando em corrupção de dados da aplicação. Além de outras, dentre as quais:Exposição de informações confidenciais: Controle total de informações da conta de outros usuários.Alteração de dados: um agente malicioso pode ter privilégios para acessar seus dados e alterá-los.","Algumas das recomendações sugeridas são:Fazer a validação se um usuário tem a devida permissão para visualizar, editar/alterar e ou atualizar informações de outros usuários.Não permitir que a alteração de parâmetros impacte a aplicação ou retorne dados de outros usuários.Enviar informações confidenciais e/ou sensíveis em canais seguros de comunicação, o que inclui, entre vários aspectos a utilização de criptografia, tokens atuais e seguros para transmissão de informações, uso de captchas e sistemas de bloqueio etc.Não utilizar valores de objetos facilmente predizíeis, como valores puramente numéricos ou combinações frágeis. Utilizar, no lugar, um identificador de objeto que em cenários de ataques de dicionário/força bruta sejam de difícil adivinhação.",Médio,Médio,639
Visualização de Limites por CPF via Referência Direta Insegura a Objetos (IDOR) Sem Autenticação,Alto,"A funcionalidade de visualização de limites por CPF é suscetível a uma falha de Referência Direta Insegura a Objetos (IDOR), que pode ser explorada sem autenticação. Isso significa que a aplicação não valida se o usuário solicitante tem permissão para visualizar informações de limites de outros CPFs.","Um atacante, mesmo sem autenticação, pode obter acesso não autorizado aos limites de crédito de outros usuários através da manipulação de parâmetros vulneráveis que referenciam diretamente o CPF (característica de uma Referência Direta Insegura a Objetos - IDOR).Como consequência, ocorre um vazamento de informações financeiras sensíveis, expondo os limites de crédito associados a diferentes CPFs. Em casos mais graves ou com manipulações adicionais, essa vulnerabilidade poderia permitir a um agente malicioso não apenas visualizar, mas também alterar valores e informações críticas de limites ou outros dados financeiros de outros usuários, ocasionando em corrupção de dados da aplicação.","Garantir que, antes de exibir os limites financeiros associados a qualquer CPF, o usuário que faz a solicitação esteja autenticado e tenha permissão explícita para visualizar as informações daquele CPF específico. Não permitir que usuários não autenticados ou não autorizados manipulem o parâmetro de CPF para acessar dados alheios",Alto,Médio,639
Visualização de Produtos por CPF via Referência Direta Insegura a Objetos (IDOR) Sem Autenticação,Médio,"A aplicação não faz a devida validação de permissão para que um usuário visualize produtos de outros usuários. Mesmo sem qualquer tipo de autenticação, um agente malicioso, ao manipular o parâmetro de CPF na URL ou corpo da requisição (inserindo um CPF que não o seu ou um CPF aleatório), é possível obter diretamente a visualização dos produtos associados a outros CPFs. Isso permite o acesso a informações confidenciais e/ou sensíveis sobre os produtos de outros usuários","Agentes maliciosos podem obter informações de outros usuários através de manipulações de parâmetros vulneráveis. Como consequência, vazamento de informações podem ocorrer. Em determinados casos é possível alterar valores e informações críticas de outros usuários que não o próprio, ocasionando em corrupção de dados da aplicação. Além de outras, dentre as quais:Exposição de informações confidenciais: Controle total de informações da conta de outros usuários.Alteração de dados: um agente malicioso pode ter privilégios para acessar seus dados e alterá-los.","Para evitar que alguém veja produtos de outras pessoas só mudando o CPF no endereço (Referência Direta Insegura a Objetos - IDOR) sem ter que fazer login, você deve:Sempre verificar as permissões: Mesmo que a pessoa digite ou mude o CPF no endereço, o sistema tem que primeiro checar se ela tem permissão para ver os produtos daquele CPF específico. Se não for o CPF dela (ou um CPF que ela tenha autorização para gerenciar), ela não deveria ver nada.Não permitir acesso a dados de outros: Não deixe que, ao mudar o CPF que aparece no endereço (URL) da página, o sistema comece a mostrar os produtos de outras pessoas. A alteração de um CPF no endereço não deve dar acesso fácil a dados que não são do usuário logado/autorizado.Proteger as informações sensíveis: Quando o CPF ou outros dados importantes forem enviados ou consultados, use sempre um canal seguro (com criptografia, por exemplo). Isso evita que os dados sejam interceptados enquanto viajam pela internet.Não usar o CPF diretamente como identificador: Nunca utilize o CPF como a única forma de identificar os produtos ou usuários no endereço da página. Em vez do CPF, use códigos aleatórios, longos e difíceis de adivinhar (como um código interno único e sem lógica sequencial). Assim, fica muito mais difícil para alguém ""chutar"" CPFs ou códigos para tentar ver produtos de outras pessoas.",Médio,Médio,639
IDOR – Manipulação Indevida do Limite de Transferências,Médio,"A aplicação não faz a devida validação se um usuário tem permissão para visualizar informações de outros usuários. Dessa forma, um agente malicioso, ao alterar determinados parâmetros, inserindo valores que não os originais, é possível obter informações confidenciais e/ou sensíveis de outros usuários, o que por padrão, não deveriam ser obtidos.","Agentes maliciosos podem obter informações de outros usuários através de manipulações de parâmetros vulneráveis. Como consequência, vazamento de informações podem ocorrer. Em determinados casos é possível alterar valores e informações críticas de outros usuários que não o próprio, ocasionando em corrupção de dados da aplicação. Além de outras, dentre as quais:Exposição de informações confidenciais: Controle total de informações da conta de outros usuários.Alteração de dados: um agente malicioso pode ter privilégios para acessar seus dados e alterá-los.","Algumas das recomendações sugeridas são:Fazer a validação se um usuário tem a devida permissão para visualizar, editar/alterar e ou atualizar informações de outros usuários.Não permitir que a alteração de parâmetros impacte a aplicação ou retorne dados de outros usuários.Enviar informações confidenciais e/ou sensíveis em canais seguros de comunicação, o que inclui, entre vários aspectos a utilização de criptografia, tokens atuais e seguros para transmissão de informações, uso de captchas e sistemas de bloqueio etc.Não utilizar valores de objetos facilmente predizíeis, como valores puramente numéricos ou combinações frágeis. Utilizar, no lugar, um identificador de objeto que em cenários de ataques de dicionário/força bruta sejam de difícil adivinhação.",Médio,Médio,639
IDOR – Manipulação Indevida da Taxa de Transferências,Médio,"A aplicação não faz a devida validação se um usuário tem permissão para visualizar informações de outros usuários. Dessa forma, um agente malicioso, ao alterar determinados parâmetros, inserindo valores que não os originais, é possível obter informações confidenciais e/ou sensíveis de outros usuários, o que por padrão, não deveriam ser obtidos.","Agentes maliciosos podem obter informações de outros usuários através de manipulações de parâmetros vulneráveis. Como consequência, vazamento de informações podem ocorrer. Em determinados casos é possível alterar valores e informações críticas de outros usuários que não o próprio, ocasionando em corrupção de dados da aplicação. Além de outras, dentre as quais:Exposição de informações confidenciais: Controle total de informações da conta de outros usuários.Alteração de dados: um agente malicioso pode ter privilégios para acessar seus dados e alterá-los.","Algumas das recomendações sugeridas são:Fazer a validação se um usuário tem a devida permissão para visualizar, editar/alterar e ou atualizar informações de outros usuários.Não permitir que a alteração de parâmetros impacte a aplicação ou retorne dados de outros usuários.Enviar informações confidenciais e/ou sensíveis em canais seguros de comunicação, o que inclui, entre vários aspectos a utilização de criptografia, tokens atuais e seguros para transmissão de informações, uso de captchas e sistemas de bloqueio etc.Não utilizar valores de objetos facilmente predizíeis, como valores puramente numéricos ou combinações frágeis. Utilizar, no lugar, um identificador de objeto que em cenários de ataques de dicionário/força bruta sejam de difícil adivinhação.",Médio,Médio,639
IDOR – Falha de Validação de Autorização no CampaignCatalog,Médio,"A aplicação não faz a devida validação se um usuário tem permissão para visualizar informações de outros usuários. Dessa forma, um agente malicioso, ao alterar determinados parâmetros, inserindo valores que não os originais, é possível obter informações confidenciais e/ou sensíveis de outros usuários, o que por padrão, não deveriam ser obtidos.","Agentes maliciosos podem obter informações de outros usuários através de manipulações de parâmetros vulneráveis. Como consequência, vazamento de informações podem ocorrer. Em determinados casos é possível alterar valores e informações críticas de outros usuários que não o próprio, ocasionando em corrupção de dados da aplicação. Além de outras, dentre as quais:Exposição de informações confidenciais: Controle total de informações da conta de outros usuários.Alteração de dados: um agente malicioso pode ter privilégios para acessar seus dados e alterá-los.","Algumas das recomendações sugeridas são:Fazer a validação se um usuário tem a devida permissão para visualizar, editar/alterar e ou atualizar informações de outros usuários.Não permitir que a alteração de parâmetros impacte a aplicação ou retorne dados de outros usuários.Enviar informações confidenciais e/ou sensíveis em canais seguros de comunicação, o que inclui, entre vários aspectos a utilização de criptografia, tokens atuais e seguros para transmissão de informações, uso de captchas e sistemas de bloqueio etc.Não utilizar valores de objetos facilmente predizíeis, como valores puramente numéricos ou combinações frágeis. Utilizar, no lugar, um identificador de objeto que em cenários de ataques de dicionário/força bruta sejam de difícil adivinhação.",Médio,Alto,639
IDOR - Permitindo bypass de limites de transferência por campanha,Médio,"A aplicação não faz a devida validação se um usuário tem permissão para visualizar informações de outros usuários. Dessa forma, um agente malicioso, ao alterar determinados parâmetros, inserindo valores que não os originais, é possível obter informações confidenciais e/ou sensíveis de outros usuários, o que por padrão, não deveriam ser obtidos.","Agentes maliciosos podem obter informações de outros usuários através de manipulações de parâmetros vulneráveis. Como consequência, vazamento de informações podem ocorrer. Em determinados casos é possível alterar valores e informações críticas de outros usuários que não o próprio, ocasionando em corrupção de dados da aplicação. Além de outras, dentre as quais:Exposição de informações confidenciais: Controle total de informações da conta de outros usuários.Alteração de dados: um agente malicioso pode ter privilégios para acessar seus dados e alterá-los.","Algumas das recomendações sugeridas são:Fazer a validação se um usuário tem a devida permissão para visualizar, editar/alterar e ou atualizar informações de outros usuários.Não permitir que a alteração de parâmetros impacte a aplicação ou retorne dados de outros usuários.Enviar informações confidenciais e/ou sensíveis em canais seguros de comunicação, o que inclui, entre vários aspectos a utilização de criptografia, tokens atuais e seguros para transmissão de informações, uso de captchas e sistemas de bloqueio etc.Não utilizar valores de objetos facilmente predizíeis, como valores puramente numéricos ou combinações frágeis. Utilizar, no lugar, um identificador de objeto que em cenários de ataques de dicionário/força bruta sejam de difícil adivinhação.",Médio,Médio,639
IDOR - permitindo acesso não autorizado a dados bancários via funcionalidade de edição,Alto,"A aplicação não faz a devida validação se um usuário tem permissão para visualizar informações de outros usuários. Dessa forma, um agente malicioso, ao alterar determinados parâmetros, inserindo valores que não os originais, é possível obter informações confidenciais e/ou sensíveis de outros usuários, o que por padrão, não deveriam ser obtidos.","Agentes maliciosos podem obter informações de outros usuários através de manipulações de parâmetros vulneráveis. Como consequência, vazamento de informações podem ocorrer. Em determinados casos é possível alterar valores e informações críticas de outros usuários que não o próprio, ocasionando em corrupção de dados da aplicação. Além de outras, dentre as quais:Exposição de informações confidenciais: Controle total de informações da conta de outros usuários.Alteração de dados: um agente malicioso pode ter privilégios para acessar seus dados e alterá-los.","Algumas das recomendações sugeridas são:Fazer a validação se um usuário tem a devida permissão para visualizar, editar/alterar e ou atualizar informações de outros usuários.Não permitir que a alteração de parâmetros impacte a aplicação ou retorne dados de outros usuários.Enviar informações confidenciais e/ou sensíveis em canais seguros de comunicação, o que inclui, entre vários aspectos a utilização de criptografia, tokens atuais e seguros para transmissão de informações, uso de captchas e sistemas de bloqueio etc.Não utilizar valores de objetos facilmente predizíeis, como valores puramente numéricos ou combinações frágeis. Utilizar, no lugar, um identificador de objeto que em cenários de ataques de dicionário/força bruta sejam de difícil adivinhação.",Alto,Alto,639
Referência Direta Insegura a Objetos (IDOR) em Autenticação e Autorização,Médio,"A aplicação demonstra uma falha de autorização (IDOR), onde não valida corretamente um usuário não autenticado (Token Apenas com CPF), possui permissão para acessar informações de outros usuários. Ao alterar o parâmetro CPF na requisição para um valor não original, um agente malicioso consegue obter dados de outros usuários, informações que, por padrão, não deveriam ser acessíveis sem a devida validação de identidade e autorização.","Ao alterar o parâmetro de CPF na requisição para um valor não original, o atacante consegue acessar informações que, por padrão, deveriam ser restritas ao usuário autenticado e exigir validação de identidade adequada.As consequências diretas e potenciais dessa vulnerabilidade incluem:Exposição de Informações Confidenciais: Controle sobre ou acesso a dados sensíveis e informações privadas da conta de outros usuários, resultando em vazamento de informações.Alteração e Corrupção de Dados: Em determinados cenários, a falha pode conceder privilégios para modificar, corromper ou até excluir valores e informações críticas de outros usuários na aplicação, impactando a integridade dos dados.","Para corrigir a falha de autorização (IDOR) e garantir que usuários, mesmo com um Token Apenas com CPF, não possam acessar indevidamente informações de outros usuários, as seguintes ações são recomendadas:Implementar um Sistema de Autenticação Robusto e Completo:O Token Apenas com CPF não deve ser considerado uma autenticação completa para acesso a dados de usuário. É fundamental que a aplicação exija um processo de autenticação robusto antes de conceder acesso a qualquer tipo de informação do usuário.Acesso a dados de usuários deve ser restrito apenas a sessões de usuários devidamente autenticados.Realizar Validação de Autorização Server-Side (Server-Side Authorization Checks) para TODOS os Acessos a Objetos:Garantir que, para cada requisição que envolva a manipulação ou visualização de informações de usuários (ou qualquer outro objeto), o servidor verifique rigorosamente se o usuário que fez a requisição possui permissão explícita para acessar/manipular aquele objeto específico. Ao receber um parâmetro como o CPF na requisição, o servidor deve:Verificar se o CPF solicitado pertence ao usuário autenticado e autorizado atualmente na sessão. Se o usuário não estiver autenticado ou o CPF não corresponder ao dele (e ele não tiver permissão administrativa), o acesso deve ser negado.Nunca confiar apenas em parâmetros enviados pelo cliente para determinar a autorização. A lógica de autorização deve residir no lado do servidor.",Médio,Médio,639
IDOR – Acesso Indevido a Catálogos de Terceiros via Manipulação de ID,Alto,"A aplicação não faz a devida validação se um usuário tem permissão para visualizar informações de outros usuários. Dessa forma, um agente malicioso, ao alterar determinados parâmetros, inserindo valores que não os originais, é possível obter informações confidenciais e/ou sensíveis de outros usuários, o que por padrão, não deveriam ser obtidos.","Agentes maliciosos podem obter informações de outros usuários através de manipulações de parâmetros vulneráveis. Como consequência, vazamento de informações podem ocorrer. Em determinados casos é possível alterar valores e informações críticas de outros usuários que não o próprio, ocasionando em corrupção de dados da aplicação. Além de outras, dentre as quais:Exposição de informações confidenciais: Controle total de informações da conta de outros usuários.Alteração de dados: um agente malicioso pode ter privilégios para acessar seus dados e alterá-los.","Algumas das recomendações sugeridas são:Fazer a validação se um usuário tem a devida permissão para visualizar, editar/alterar e ou atualizar informações de outros usuários.Não permitir que a alteração de parâmetros impacte a aplicação ou retorne dados de outros usuários.Enviar informações confidenciais e/ou sensíveis em canais seguros de comunicação, o que inclui, entre vários aspectos a utilização de criptografia, tokens atuais e seguros para transmissão de informações, uso de captchas e sistemas de bloqueio etc.Não utilizar valores de objetos facilmente predizíeis, como valores puramente numéricos ou combinações frágeis. Utilizar, no lugar, um identificador de objeto que em cenários de ataques de dicionário/força bruta sejam de difícil adivinhação.",Alto,Alto,639
IDOR - Inativação de Contas Cobans,Alto,"A aplicação não faz a devida validação se um usuário tem permissão para visualizar informações de outros usuários. Dessa forma, um agente malicioso, ao alterar determinados parâmetros, inserindo valores que não os originais, é possível obter informações confidenciais e/ou sensíveis de outros usuários, o que por padrão, não deveriam ser obtidos.","Agentes maliciosos podem obter informações de outros usuários através de manipulações de parâmetros vulneráveis. Como consequência, vazamento de informações podem ocorrer. Em determinados casos é possível alterar valores e informações críticas de outros usuários que não o próprio, ocasionando em corrupção de dados da aplicação. Além de outras, dentre as quais:Exposição de informações confidenciais: Controle total de informações da conta de outros usuários.Alteração de dados: um agente malicioso pode ter privilégios para acessar seus dados e alterá-los.","Algumas das recomendações sugeridas são:Fazer a validação se um usuário tem a devida permissão para visualizar, editar/alterar e ou atualizar informações de outros usuários.Não permitir que a alteração de parâmetros impacte a aplicação ou retorne dados de outros usuários.Enviar informações confidenciais e/ou sensíveis em canais seguros de comunicação, o que inclui, entre vários aspectos a utilização de criptografia, tokens atuais e seguros para transmissão de informações, uso de captchas e sistemas de bloqueio etc.Não utilizar valores de objetos facilmente predizíeis, como valores puramente numéricos ou combinações frágeis. Utilizar, no lugar, um identificador de objeto que em cenários de ataques de dicionário/força bruta sejam de difícil adivinhação.",Alto,Alto,639
IDOR - Ativação de Contas Cobans,Alto,"A aplicação não faz a devida validação se um usuário tem permissão para visualizar informações de outros usuários. Dessa forma, um agente malicioso, ao alterar determinados parâmetros, inserindo valores que não os originais, é possível obter informações confidenciais e/ou sensíveis de outros usuários, o que por padrão, não deveriam ser obtidos.","Agentes maliciosos podem obter informações de outros usuários através de manipulações de parâmetros vulneráveis. Como consequência, vazamento de informações podem ocorrer. Em determinados casos é possível alterar valores e informações críticas de outros usuários que não o próprio, ocasionando em corrupção de dados da aplicação. Além de outras, dentre as quais:Exposição de informações confidenciais: Controle total de informações da conta de outros usuários.Alteração de dados: um agente malicioso pode ter privilégios para acessar seus dados e alterá-los.","Algumas das recomendações sugeridas são:Fazer a validação se um usuário tem a devida permissão para visualizar, editar/alterar e ou atualizar informações de outros usuários.Não permitir que a alteração de parâmetros impacte a aplicação ou retorne dados de outros usuários.Enviar informações confidenciais e/ou sensíveis em canais seguros de comunicação, o que inclui, entre vários aspectos a utilização de criptografia, tokens atuais e seguros para transmissão de informações, uso de captchas e sistemas de bloqueio etc.Não utilizar valores de objetos facilmente predizíeis, como valores puramente numéricos ou combinações frágeis. Utilizar, no lugar, um identificador de objeto que em cenários de ataques de dicionário/força bruta sejam de difícil adivinhação.",Alto,Alto,639
IDOR – Exclusão Indevida de Documentos no Fluxo de Empréstimo com Garantia de Veículo,Alto,"A aplicação não faz a devida validação se um usuário tem permissão para visualizar informações de outros usuários. Dessa forma, um agente malicioso, ao alterar determinados parâmetros, inserindo valores que não os originais, é possível obter informações confidenciais e/ou sensíveis de outros usuários, o que por padrão, não deveriam ser obtidos.","Agentes maliciosos podem obter informações de outros usuários através de manipulações de parâmetros vulneráveis. Como consequência, vazamento de informações podem ocorrer. Em determinados casos é possível alterar valores e informações críticas de outros usuários que não o próprio, ocasionando em corrupção de dados da aplicação. Além de outras, dentre as quais:Exposição de informações confidenciais: Controle total de informações da conta de outros usuários.Alteração de dados: um agente malicioso pode ter privilégios para acessar seus dados e alterá-los.","Algumas das recomendações sugeridas são:Fazer a validação se um usuário tem a devida permissão para visualizar, editar/alterar e ou atualizar informações de outros usuários.Não permitir que a alteração de parâmetros impacte a aplicação ou retorne dados de outros usuários.Enviar informações confidenciais e/ou sensíveis em canais seguros de comunicação, o que inclui, entre vários aspectos a utilização de criptografia, tokens atuais e seguros para transmissão de informações, uso de captchas e sistemas de bloqueio etc.Não utilizar valores de objetos facilmente predizíeis, como valores puramente numéricos ou combinações frágeis. Utilizar, no lugar, um identificador de objeto que em cenários de ataques de dicionário/força bruta sejam de difícil adivinhação.",Alto,Alto,639
IDOR  - Upload de Documentos por Manipulação de Identificador,Alto,"A aplicação não faz a devida validação se um usuário tem permissão para visualizar informações de outros usuários. Dessa forma, um agente malicioso, ao alterar determinados parâmetros, inserindo valores que não os originais, é possível obter informações confidenciais e/ou sensíveis de outros usuários, o que por padrão, não deveriam ser obtidos.","Agentes maliciosos podem obter informações de outros usuários através de manipulações de parâmetros vulneráveis. Como consequência, vazamento de informações podem ocorrer. Em determinados casos é possível alterar valores e informações críticas de outros usuários que não o próprio, ocasionando em corrupção de dados da aplicação. Além de outras, dentre as quais:Exposição de informações confidenciais: Controle total de informações da conta de outros usuários.Alteração de dados: um agente malicioso pode ter privilégios para acessar seus dados e alterá-los.","Algumas das recomendações sugeridas são:Fazer a validação se um usuário tem a devida permissão para visualizar, editar/alterar e ou atualizar informações de outros usuários.Não permitir que a alteração de parâmetros impacte a aplicação ou retorne dados de outros usuários.Enviar informações confidenciais e/ou sensíveis em canais seguros de comunicação, o que inclui, entre vários aspectos a utilização de criptografia, tokens atuais e seguros para transmissão de informações, uso de captchas e sistemas de bloqueio etc.Não utilizar valores de objetos facilmente predizíeis, como valores puramente numéricos ou combinações frágeis. Utilizar, no lugar, um identificador de objeto que em cenários de ataques de dicionário/força bruta sejam de difícil adivinhação.",Alto,Alto,639
Clickjacking no fluxo de Financiamento para Energia Solar,Médio,"O clickjacking, também conhecido como ""UI redress attack"", é quando um agente malicioso carrega o site alvo em algum frame (como o iframe) como primeira camada de abstração CSS e ao mesmo tempo usa várias camadas opacas como segunda camada de abstração CSS sobrepondo a primeira camada, com o objetivo de criar um layout chamativo ao clique do usuário.O usuário, ao clicar em um botão ou link dessa página maliciosa, acredita estar clicando em alguma funcionalidade da camada superior de abstração CSS, quando na verdade está executando a ação da primeira camada, o que normalmente pode ser uma troca de senha, execução de alguma ação confidencial etc. Assim, o atacante está ""seqüestrando"" os cliques do usuário, que acreditava estar clicando em algo legítimo.Usando uma técnica similar, os toques de tecla também podem ser seqüestrados. Com uma combinação cuidadosamente elaborada de stylesheets, iframes e caixas de texto, um usuário pode ser levado a acreditar que está digitando a senha no campo correto, mas digitando em um iframe invisível controlado pelo agente malicioso.",É possível roubar cliques dos usuários explorando a falha de clickjacking no site. Isto é possível pois o site permite enquadrar o seu conteúdo em um iframe não gerenciado pelo próprio.,"Algumas das recomendações sugeridas são:·        Incluir no cabeçalho de resposta as diretivas CSP (Content Security Policy), que instruem o navegador a não permitir o enquadramento (via iframe) de outros domínios.·        Incluir no cabeçalho de resposta o X-Frame-Options.Código defensivo na interface do usuário para garantir que o iframe atual seja a janela de nível superior.",Médio,Médio,1021
Clickjacking no fluxo de Empréstimo com Garantia de Veículo,Médio,"O clickjacking, também conhecido como ""UI redress attack"", é quando um agente malicioso carrega o site alvo em algum frame (como o iframe) como primeira camada de abstração CSS e ao mesmo tempo usa várias camadas opacas como segunda camada de abstração CSS sobrepondo a primeira camada, com o objetivo de criar um layout chamativo ao clique do usuário.O usuário, ao clicar em um botão ou link dessa página maliciosa, acredita estar clicando em alguma funcionalidade da camada superior de abstração CSS, quando na verdade está executando a ação da primeira camada, o que normalmente pode ser uma troca de senha, execução de alguma ação confidencial etc. Assim, o atacante está ""seqüestrando"" os cliques do usuário, que acreditava estar clicando em algo legítimo.Usando uma técnica similar, os toques de tecla também podem ser seqüestrados. Com uma combinação cuidadosamente elaborada de stylesheets, iframes e caixas de texto, um usuário pode ser levado a acreditar que está digitando a senha no campo correto, mas digitando em um iframe invisível controlado pelo agente malicioso.",É possível roubar cliques dos usuários explorando a falha de clickjacking no site. Isto é possível pois o site permite enquadrar o seu conteúdo em um iframe não gerenciado pelo próprio.,"Algumas das recomendações sugeridas são:·        Incluir no cabeçalho de resposta as diretivas CSP (Content Security Policy), que instruem o navegador a não permitir o enquadramento (via iframe) de outros domínios.·        Incluir no cabeçalho de resposta o X-Frame-Options.Código defensivo na interface do usuário para garantir que o iframe atual seja a janela de nível superior.",Médio,Médio,1021
Clickjacking no fluxo de Portal de transparência,Médio,"O clickjacking, também conhecido como ""UI redress attack"", é quando um agente malicioso carrega o site alvo em algum frame (como o iframe) como primeira camada de abstração CSS e ao mesmo tempo usa várias camadas opacas como segunda camada de abstração CSS sobrepondo a primeira camada, com o objetivo de criar um layout chamativo ao clique do usuário.O usuário, ao clicar em um botão ou link dessa página maliciosa, acredita estar clicando em alguma funcionalidade da camada superior de abstração CSS, quando na verdade está executando a ação da primeira camada, o que normalmente pode ser uma troca de senha, execução de alguma ação confidencial etc. Assim, o atacante está ""seqüestrando"" os cliques do usuário, que acreditava estar clicando em algo legítimo.Usando uma técnica similar, os toques de tecla também podem ser seqüestrados. Com uma combinação cuidadosamente elaborada de stylesheets, iframes e caixas de texto, um usuário pode ser levado a acreditar que está digitando a senha no campo correto, mas digitando em um iframe invisível controlado pelo agente malicioso.",É possível roubar cliques dos usuários explorando a falha de clickjacking no site. Isto é possível pois o site permite enquadrar o seu conteúdo em um iframe não gerenciado pelo próprio.,"Algumas das recomendações sugeridas são:·        Incluir no cabeçalho de resposta as diretivas CSP (Content Security Policy), que instruem o navegador a não permitir o enquadramento (via iframe) de outros domínios.·        Incluir no cabeçalho de resposta o X-Frame-Options.Código defensivo na interface do usuário para garantir que o iframe atual seja a janela de nível superior.",Médio,Médio,1021
Referência Direta Insegura a Objetos (IDOR) - Identifier,Alto,"A aplicação não faz a devida validação se um usuário tem permissão para visualizar informações de outros usuários. Dessa forma, um agente malicioso, ao alterar determinados parâmetros, inserindo valores que não os originais, é possível obter informações confidenciais e/ou sensíveis de outros usuários, o que por padrão, não deveriam ser obtidos.","Agentes maliciosos podem obter informações de outros usuários através de manipulações de parâmetros vulneráveis. Como consequência, vazamento de informações podem ocorrer. Em determinados casos é possível alterar valores e informações críticas de outros usuários que não o próprio, ocasionando em corrupção de dados da aplicação. Além de outras, dentre as quais:Exposição de informações confidenciais: Controle total de informações da conta de outros usuários.Alteração de dados: um agente malicioso pode ter privilégios para acessar seus dados e alterá-los.","Algumas das recomendações sugeridas são:Fazer a validação se um usuário tem a devida permissão para visualizar, editar/alterar e ou atualizar informações de outros usuários.Não permitir que a alteração de parâmetros impacte a aplicação ou retorne dados de outros usuários.Enviar informações confidenciais e/ou sensíveis em canais seguros de comunicação, o que inclui, entre vários aspectos a utilização de criptografia, tokens atuais e seguros para transmissão de informações, uso de captchas e sistemas de bloqueio etc.Não utilizar valores de objetos facilmente predizíeis, como valores puramente numéricos ou combinações frágeis. Utilizar, no lugar, um identificador de objeto que em cenários de ataques de dicionário/força bruta sejam de difícil adivinhação.",Alto,Alto,639
Subdomain Takeover via Ghost.io,Alto,"Foi identificado que o recurso vinculado ao serviço Ghost não estava devidamente provisionado. Durante os testes, foi possível registrar o domínio na plataforma Ghost Pro e assumir o controle do subdomínio, confirmando a vulnerabilidade de Subdomain Takeover.","A exploração permite que um atacante assuma o controle de um subdomínio legítimo da organização, possibilitando:Criação de páginas de phishingDistribuição de malwareRoubo de credenciaisDanos à reputação da organizaçãoUso do domínio confiável em ataques direcionados",Remover imediatamente o registro CNAME caso o serviço não esteja em usoOu configurar corretamente o serviço no Ghost para garantir a posse do recursoImplementar monitoramento contínuo de subdomíniosRealizar auditoria periódica de apontamentos DNS para serviços externos,Alto,Alto,
Falta de Autorização em Endpoint de Consentimentos (IDOR),Alto,"A aplicação não faz a devida validação se um usuário tem permissão para visualizar informações de outros usuários. Dessa forma, um agente malicioso, ao alterar determinados parâmetros, inserindo valores que não os originais, é possível obter informações confidenciais e/ou sensíveis de outros usuários, o que por padrão, não deveriam ser obtidos.","Agentes maliciosos podem obter informações de outros usuários através de manipulações de parâmetros vulneráveis. Como consequência, vazamento de informações podem ocorrer. Em determinados casos é possível alterar valores e informações críticas de outros usuários que não o próprio, ocasionando em corrupção de dados da aplicação. Além de outras, dentre as quais:Exposição de informações confidenciais: Controle total de informações da conta de outros usuários.Alteração de dados: um agente malicioso pode ter privilégios para acessar seus dados e alterá-los.","Algumas das recomendações sugeridas são:Fazer a validação se um usuário tem a devida permissão para visualizar, editar/alterar e ou atualizar informações de outros usuários.Não permitir que a alteração de parâmetros impacte a aplicação ou retorne dados de outros usuários.Enviar informações confidenciais e/ou sensíveis em canais seguros de comunicação, o que inclui, entre vários aspectos a utilização de criptografia, tokens atuais e seguros para transmissão de informações, uso de captchas e sistemas de bloqueio etc.Não utilizar valores de objetos facilmente predizíeis, como valores puramente numéricos ou combinações frágeis. Utilizar, no lugar, um identificador de objeto que em cenários de ataques de dicionário/força bruta sejam de difícil adivinhação.",Alto,Alto,639
Ausência de Rate Limiting permitindo Enumeração de Consentimentos,Médio,"Durante a análise, foi identificado que a API não possui restrições eficazes no número de requisições que um usuário ou IP pode enviar dentro de um intervalo de tempo. Essa falha pode permitir ataques automatizados, impactando a estabilidade e segurança do sistema.","Facilita ataques de brute force contra autenticação, permitindo que invasores testem grandes volumes de credenciais sem restrições, aumentando as chances de comprometimento de contas.Permite extração massiva de informações (scraping).Pode causar negação de serviço (DoS) e degradar o desempenho do sistema.Aumenta os custos de infraestrutura devido ao consumo excessivo de recursos.",Implementar Rate Limiting: Definir limites de requisições por IP/usuário em um determinado período.Utilizar Throttling: Reduzir progressivamente a taxa de resposta para usuários com comportamento abusivo.,Médio,Alto,799
Ausência de rate limiting ocasionando DoS,Médio,"Durante a análise, foi identificado que a API não possui restrições eficazes no número de requisições que um usuário ou IP pode enviar dentro de um intervalo de tempo. Ao criar múltiplos grupos relacionados a um mesmo CPF, a tela de grupos ficou sobrecarregada se tornando inacessível ao tentar carregar os grupos que haviam sido criados.",Pode causar negação de serviço (DoS) e degradar o desempenho do sistema.Aumenta os custos de infraestrutura devido ao consumo excessivo de recursos.,Implementar Rate Limiting: Definir limites de requisições por IP/usuário em um determinado período.Utilizar Throttling: Reduzir progressivamente a taxa de resposta para usuários com comportamento abusivo.,Médio,Médio,799
Path Traversal - Leitura de Arquivos Remotos - Consulta de Títulos - Cobrança Simples Com Registro,Alto,"Um ataque de passagem de caminho (também conhecido como passagem de diretório) visa acessar arquivos e diretórios armazenados fora da pasta raiz da web.Manipulando variáveis que fazem referência a arquivos com sequências ""ponto-ponto-barra (../)"" e suas variações ou usando caminhos de arquivo absolutos, pode ser possível acessar arquivos e diretórios arbitrários armazenados no sistema de arquivos, incluindo o código-fonte do aplicativo ou configuração e arquivos críticos do sistema.Deve-se observar que o acesso aos arquivos é limitado pelo controle de acesso operacional do sistema (como no caso de arquivos bloqueados ou em uso no sistema operacional Microsoft Windows).Este ataque também é conhecido como “ponto-ponto-barra”, “travessia de diretório”, “escalada de diretório” e “retrocesso”.",Um atacante pode conseguir fazer a leitura/download de um arquivo com informações sensíveis dentro do servidor.,"Todos, exceto os aplicativos da web mais simples, precisam incluir recursos locais, como imagens, temas, outros scripts e assim por diante. Sempre que um recurso ou arquivo é incluído pelo aplicativo, existe o risco de um invasor conseguir incluir um arquivo ou recurso remoto que você não autorizou.Prefira trabalhar sem intervenção do usuário ao usar chamadas do sistema de arquivosUse índices em vez de porções reais de nomes de arquivo ao modelar ou usar arquivos de idioma (ou seja, valor 5 do envio do usuário = Checoslovaco, ao invés de esperar que o usuário retorne “Checoslovaco”)Certifique-se de que o usuário não pode fornecer todas as partes do caminho - coloque-o entre o seu path codeValide a entrada do usuário aceitando apenas o bom conhecido - não higienize os dadosUse jaulas chroot e políticas de acesso ao código para restringir onde os arquivos podem ser obtidos ou salvosSe for forçado a usar a entrada do usuário para operações de arquivo, normalize a entrada antes de usar no arquivo APIs de io, como normalize ().",Alto,Alto,23
Path Traversal - Leitura de Arquivos Remotos - Consulta de transações agendadas,Alto,"Um ataque de passagem de caminho (também conhecido como passagem de diretório) visa acessar arquivos e diretórios armazenados fora da pasta raiz da web.Manipulando variáveis que fazem referência a arquivos com sequências ""ponto-ponto-barra (../)"" e suas variações ou usando caminhos de arquivo absolutos, pode ser possível acessar arquivos e diretórios arbitrários armazenados no sistema de arquivos, incluindo o código-fonte do aplicativo ou configuração e arquivos críticos do sistema.Deve-se observar que o acesso aos arquivos é limitado pelo controle de acesso operacional do sistema (como no caso de arquivos bloqueados ou em uso no sistema operacional Microsoft Windows).Este ataque também é conhecido como “ponto-ponto-barra”, “travessia de diretório”, “escalada de diretório” e “retrocesso”.",Um atacante pode conseguir fazer a leitura/download de um arquivo com informações sensíveis dentro do servidor.,"Todos, exceto os aplicativos da web mais simples, precisam incluir recursos locais, como imagens, temas, outros scripts e assim por diante. Sempre que um recurso ou arquivo é incluído pelo aplicativo, existe o risco de um invasor conseguir incluir um arquivo ou recurso remoto que você não autorizou.Prefira trabalhar sem intervenção do usuário ao usar chamadas do sistema de arquivosUse índices em vez de porções reais de nomes de arquivo ao modelar ou usar arquivos de idioma (ou seja, valor 5 do envio do usuário = Checoslovaco, ao invés de esperar que o usuário retorne “Checoslovaco”)Certifique-se de que o usuário não pode fornecer todas as partes do caminho - coloque-o entre o seu path codeValide a entrada do usuário aceitando apenas o bom conhecido - não higienize os dadosUse jaulas chroot e políticas de acesso ao código para restringir onde os arquivos podem ser obtidos ou salvosSe for forçado a usar a entrada do usuário para operações de arquivo, normalize a entrada antes de usar no arquivo APIs de io, como normalize ().",Alto,Alto,23
Path Traversal - Leitura de Arquivos Remotos - Extratos,Alto,"Um ataque de passagem de caminho (também conhecido como passagem de diretório) visa acessar arquivos e diretórios armazenados fora da pasta raiz da web.Manipulando variáveis que fazem referência a arquivos com sequências ""ponto-ponto-barra (../)"" e suas variações ou usando caminhos de arquivo absolutos, pode ser possível acessar arquivos e diretórios arbitrários armazenados no sistema de arquivos, incluindo o código-fonte do aplicativo ou configuração e arquivos críticos do sistema.Deve-se observar que o acesso aos arquivos é limitado pelo controle de acesso operacional do sistema (como no caso de arquivos bloqueados ou em uso no sistema operacional Microsoft Windows).Este ataque também é conhecido como “ponto-ponto-barra”, “travessia de diretório”, “escalada de diretório” e “retrocesso”.",Um atacante pode conseguir fazer a leitura/download de um arquivo com informações sensíveis dentro do servidor.,"Todos, exceto os aplicativos da web mais simples, precisam incluir recursos locais, como imagens, temas, outros scripts e assim por diante. Sempre que um recurso ou arquivo é incluído pelo aplicativo, existe o risco de um invasor conseguir incluir um arquivo ou recurso remoto que você não autorizou.Prefira trabalhar sem intervenção do usuário ao usar chamadas do sistema de arquivosUse índices em vez de porções reais de nomes de arquivo ao modelar ou usar arquivos de idioma (ou seja, valor 5 do envio do usuário = Checoslovaco, ao invés de esperar que o usuário retorne “Checoslovaco”)Certifique-se de que o usuário não pode fornecer todas as partes do caminho - coloque-o entre o seu path codeValide a entrada do usuário aceitando apenas o bom conhecido - não higienize os dadosUse jaulas chroot e políticas de acesso ao código para restringir onde os arquivos podem ser obtidos ou salvosSe for forçado a usar a entrada do usuário para operações de arquivo, normalize a entrada antes de usar no arquivo APIs de io, como normalize ().",Alto,Alto,23
Path Traversal - Leitura de Arquivos Remotos - Opções Flexíveis - Posição Consolidada,Alto,"Um ataque de passagem de caminho (também conhecido como passagem de diretório) visa acessar arquivos e diretórios armazenados fora da pasta raiz da web.Manipulando variáveis que fazem referência a arquivos com sequências ""ponto-ponto-barra (../)"" e suas variações ou usando caminhos de arquivo absolutos, pode ser possível acessar arquivos e diretórios arbitrários armazenados no sistema de arquivos, incluindo o código-fonte do aplicativo ou configuração e arquivos críticos do sistema.Deve-se observar que o acesso aos arquivos é limitado pelo controle de acesso operacional do sistema (como no caso de arquivos bloqueados ou em uso no sistema operacional Microsoft Windows).Este ataque também é conhecido como “ponto-ponto-barra”, “travessia de diretório”, “escalada de diretório” e “retrocesso”.",Um atacante pode conseguir fazer a leitura/download de um arquivo com informações sensíveis dentro do servidor.,"Todos, exceto os aplicativos da web mais simples, precisam incluir recursos locais, como imagens, temas, outros scripts e assim por diante. Sempre que um recurso ou arquivo é incluído pelo aplicativo, existe o risco de um invasor conseguir incluir um arquivo ou recurso remoto que você não autorizou.Prefira trabalhar sem intervenção do usuário ao usar chamadas do sistema de arquivosUse índices em vez de porções reais de nomes de arquivo ao modelar ou usar arquivos de idioma (ou seja, valor 5 do envio do usuário = Checoslovaco, ao invés de esperar que o usuário retorne “Checoslovaco”)Certifique-se de que o usuário não pode fornecer todas as partes do caminho - coloque-o entre o seu path codeValide a entrada do usuário aceitando apenas o bom conhecido - não higienize os dadosUse jaulas chroot e políticas de acesso ao código para restringir onde os arquivos podem ser obtidos ou salvosSe for forçado a usar a entrada do usuário para operações de arquivo, normalize a entrada antes de usar no arquivo APIs de io, como normalize ().",Alto,Alto,23
Path Traversal - Leitura de Arquivos Remotos - Posição Consolidada de Contas e Investimento,Alto,"Um ataque de passagem de caminho (também conhecido como passagem de diretório) visa acessar arquivos e diretórios armazenados fora da pasta raiz da web.Manipulando variáveis que fazem referência a arquivos com sequências ""ponto-ponto-barra (../)"" e suas variações ou usando caminhos de arquivo absolutos, pode ser possível acessar arquivos e diretórios arbitrários armazenados no sistema de arquivos, incluindo o código-fonte do aplicativo ou configuração e arquivos críticos do sistema.Deve-se observar que o acesso aos arquivos é limitado pelo controle de acesso operacional do sistema (como no caso de arquivos bloqueados ou em uso no sistema operacional Microsoft Windows).Este ataque também é conhecido como “ponto-ponto-barra”, “travessia de diretório”, “escalada de diretório” e “retrocesso”.",Um atacante pode conseguir fazer a leitura/download de um arquivo com informações sensíveis dentro do servidor.,"Todos, exceto os aplicativos da web mais simples, precisam incluir recursos locais, como imagens, temas, outros scripts e assim por diante. Sempre que um recurso ou arquivo é incluído pelo aplicativo, existe o risco de um invasor conseguir incluir um arquivo ou recurso remoto que você não autorizou.Prefira trabalhar sem intervenção do usuário ao usar chamadas do sistema de arquivosUse índices em vez de porções reais de nomes de arquivo ao modelar ou usar arquivos de idioma (ou seja, valor 5 do envio do usuário = Checoslovaco, ao invés de esperar que o usuário retorne “Checoslovaco”)Certifique-se de que o usuário não pode fornecer todas as partes do caminho - coloque-o entre o seu path codeValide a entrada do usuário aceitando apenas o bom conhecido - não higienize os dadosUse jaulas chroot e políticas de acesso ao código para restringir onde os arquivos podem ser obtidos ou salvosSe for forçado a usar a entrada do usuário para operações de arquivo, normalize a entrada antes de usar no arquivo APIs de io, como normalize ().",Alto,Alto,23
Path Traversal - Leitura de Arquivos Remotos - NDF - Comprovantes de Operações,Alto,"Um ataque de passagem de caminho (também conhecido como passagem de diretório) visa acessar arquivos e diretórios armazenados fora da pasta raiz da web.Manipulando variáveis que fazem referência a arquivos com sequências ""ponto-ponto-barra (../)"" e suas variações ou usando caminhos de arquivo absolutos, pode ser possível acessar arquivos e diretórios arbitrários armazenados no sistema de arquivos, incluindo o código-fonte do aplicativo ou configuração e arquivos críticos do sistema.Deve-se observar que o acesso aos arquivos é limitado pelo controle de acesso operacional do sistema (como no caso de arquivos bloqueados ou em uso no sistema operacional Microsoft Windows).Este ataque também é conhecido como “ponto-ponto-barra”, “travessia de diretório”, “escalada de diretório” e “retrocesso”.",Um atacante pode conseguir fazer a leitura/download de um arquivo com informações sensíveis dentro do servidor.,"Todos, exceto os aplicativos da web mais simples, precisam incluir recursos locais, como imagens, temas, outros scripts e assim por diante. Sempre que um recurso ou arquivo é incluído pelo aplicativo, existe o risco de um invasor conseguir incluir um arquivo ou recurso remoto que você não autorizou.Prefira trabalhar sem intervenção do usuário ao usar chamadas do sistema de arquivosUse índices em vez de porções reais de nomes de arquivo ao modelar ou usar arquivos de idioma (ou seja, valor 5 do envio do usuário = Checoslovaco, ao invés de esperar que o usuário retorne “Checoslovaco”)Certifique-se de que o usuário não pode fornecer todas as partes do caminho - coloque-o entre o seu path codeValide a entrada do usuário aceitando apenas o bom conhecido - não higienize os dadosUse jaulas chroot e políticas de acesso ao código para restringir onde os arquivos podem ser obtidos ou salvosSe for forçado a usar a entrada do usuário para operações de arquivo, normalize a entrada antes de usar no arquivo APIs de io, como normalize ().",Alto,Alto,23
Path Traversal - Leitura de Arquivos Remotos - Opções Flexíveis - Comprovantes de Operações,Alto,"Um ataque de passagem de caminho (também conhecido como passagem de diretório) visa acessar arquivos e diretórios armazenados fora da pasta raiz da web.Manipulando variáveis que fazem referência a arquivos com sequências ""ponto-ponto-barra (../)"" e suas variações ou usando caminhos de arquivo absolutos, pode ser possível acessar arquivos e diretórios arbitrários armazenados no sistema de arquivos, incluindo o código-fonte do aplicativo ou configuração e arquivos críticos do sistema.Deve-se observar que o acesso aos arquivos é limitado pelo controle de acesso operacional do sistema (como no caso de arquivos bloqueados ou em uso no sistema operacional Microsoft Windows).Este ataque também é conhecido como “ponto-ponto-barra”, “travessia de diretório”, “escalada de diretório” e “retrocesso”.",Um atacante pode conseguir fazer a leitura/download de um arquivo com informações sensíveis dentro do servidor.,"Todos, exceto os aplicativos da web mais simples, precisam incluir recursos locais, como imagens, temas, outros scripts e assim por diante. Sempre que um recurso ou arquivo é incluído pelo aplicativo, existe o risco de um invasor conseguir incluir um arquivo ou recurso remoto que você não autorizou.Prefira trabalhar sem intervenção do usuário ao usar chamadas do sistema de arquivosUse índices em vez de porções reais de nomes de arquivo ao modelar ou usar arquivos de idioma (ou seja, valor 5 do envio do usuário = Checoslovaco, ao invés de esperar que o usuário retorne “Checoslovaco”)Certifique-se de que o usuário não pode fornecer todas as partes do caminho - coloque-o entre o seu path codeValide a entrada do usuário aceitando apenas o bom conhecido - não higienize os dadosUse jaulas chroot e políticas de acesso ao código para restringir onde os arquivos podem ser obtidos ou salvosSe for forçado a usar a entrada do usuário para operações de arquivo, normalize a entrada antes de usar no arquivo APIs de io, como normalize ().",Alto,Alto,23
Path Traversal - Leitura de Arquivos Remotos - Extrato Consolidado (Versão PDF),Alto,"Um ataque de passagem de caminho (também conhecido como passagem de diretório) visa acessar arquivos e diretórios armazenados fora da pasta raiz da web.Manipulando variáveis que fazem referência a arquivos com sequências ""ponto-ponto-barra (../)"" e suas variações ou usando caminhos de arquivo absolutos, pode ser possível acessar arquivos e diretórios arbitrários armazenados no sistema de arquivos, incluindo o código-fonte do aplicativo ou configuração e arquivos críticos do sistema.Deve-se observar que o acesso aos arquivos é limitado pelo controle de acesso operacional do sistema (como no caso de arquivos bloqueados ou em uso no sistema operacional Microsoft Windows).Este ataque também é conhecido como “ponto-ponto-barra”, “travessia de diretório”, “escalada de diretório” e “retrocesso”.",Um atacante pode conseguir fazer a leitura/download de um arquivo com informações sensíveis dentro do servidor.,"Todos, exceto os aplicativos da web mais simples, precisam incluir recursos locais, como imagens, temas, outros scripts e assim por diante. Sempre que um recurso ou arquivo é incluído pelo aplicativo, existe o risco de um invasor conseguir incluir um arquivo ou recurso remoto que você não autorizou.Prefira trabalhar sem intervenção do usuário ao usar chamadas do sistema de arquivosUse índices em vez de porções reais de nomes de arquivo ao modelar ou usar arquivos de idioma (ou seja, valor 5 do envio do usuário = Checoslovaco, ao invés de esperar que o usuário retorne “Checoslovaco”)Certifique-se de que o usuário não pode fornecer todas as partes do caminho - coloque-o entre o seu path codeValide a entrada do usuário aceitando apenas o bom conhecido - não higienize os dadosUse jaulas chroot e políticas de acesso ao código para restringir onde os arquivos podem ser obtidos ou salvosSe for forçado a usar a entrada do usuário para operações de arquivo, normalize a entrada antes de usar no arquivo APIs de io, como normalize ().",Alto,Alto,23
Referência Direta Insegura a Objetos (IDOR) - Approvers,Alto,"A aplicação não faz a devida validação se um usuário tem permissão para visualizar informações de outros usuários. Dessa forma, um agente malicioso, ao alterar determinados parâmetros, inserindo valores que não os originais, é possível obter informações confidenciais e/ou sensíveis de outros usuários, o que por padrão, não deveriam ser obtidos.","Agentes maliciosos podem obter informações de outros usuários através de manipulações de parâmetros vulneráveis. Como consequência, vazamento de informações podem ocorrer. Em determinados casos é possível alterar valores e informações críticas de outros usuários que não o próprio, ocasionando em corrupção de dados da aplicação. Além de outras, dentre as quais:Exposição de informações confidenciais: Controle total de informações da conta de outros usuários.Alteração de dados: um agente malicioso pode ter privilégios para acessar seus dados e alterá-los.","Algumas das recomendações sugeridas são:Fazer a validação se um usuário tem a devida permissão para visualizar, editar/alterar e ou atualizar informações de outros usuários.Não permitir que a alteração de parâmetros impacte a aplicação ou retorne dados de outros usuários.Enviar informações confidenciais e/ou sensíveis em canais seguros de comunicação, o que inclui, entre vários aspectos a utilização de criptografia, tokens atuais e seguros para transmissão de informações, uso de captchas e sistemas de bloqueio etc.Não utilizar valores de objetos facilmente predizíeis, como valores puramente numéricos ou combinações frágeis. Utilizar, no lugar, um identificador de objeto que em cenários de ataques de dicionário/força bruta sejam de difícil adivinhação.",Alto,Alto,639
Visualização de Rotas da Conta por CPF via Referência Direta Insegura a Objetos (IDOR) Sem Autenticação,Médio,"A funcionalidade de onboarding é suscetível a uma falha de Referência Direta Insegura a Objetos (IDOR), uma vez que o CPF utilizado para processamento da requisição é fornecido pelo cliente por meio do cabeçalho HTTP NumeroDocumento. A alteração desse parâmetro permite consultar a próxima etapa do fluxo de onboarding associada a diferentes CPFs, retornando informações como o valor do campo nextRoute. Esse comportamento indica que a aplicação não valida adequadamente se o CPF informado pertence ao usuário autenticado, possibilitando que um atacante obtenha informações sobre o status ou etapa de cadastro de terceiros mediante a simples modificação do identificador enviado na requisição.","Um atacante pode obter acesso indevido a informações sobre o fluxo de onboarding de outros usuários por meio da manipulação do parâmetro NumeroDocumento (CPF) enviado na requisição. Devido à ausência de validações adequadas de autorização, a aplicação utiliza diretamente o CPF informado pelo cliente para determinar e retornar a próxima etapa do processo de cadastro, caracterizando uma vulnerabilidade de Referência Direta Insegura a Objetos (IDOR). Como consequência, um usuário malicioso pode consultar informações relacionadas ao status e à jornada de onboarding associadas a diferentes CPFs, obtendo conhecimento sobre o progresso cadastral de terceiros. Esse comportamento resulta em exposição indevida de informações de negócio e pode servir como vetor para enumeração de usuários, coleta de dados e mapeamento dos processos internos da aplicação.","Garantir que, antes de exibir as rotas associadas a qualquer CPF, o usuário que faz a solicitação esteja autenticado e tenha permissão explícita para visualizar as informações daquele CPF específico.Não permitir que usuários não autenticados ou não autorizados manipulem o parâmetro de CPF para acessar dados alheios",Médio,Médio,639
Exposição de Dados Financeiros e Fiscais via IDOR (BOLA) Usando Aparelho Não Autorizado,Extremo,"Foi identificada uma vulnerabilidade de Exposição de Dados Financeiros via IDOR (BOLA) no endpoint de consulta de Informes de Rendimentos do aplicativo. A falha reside na permissão de consulta irrestrita utilizando um token JWT válido, mesmo quando a conta logada está em um dispositivo não autorizado (sem biometria). Apenas com o fornecimento do CPF alvo na requisição, a API concede acesso ao documento fiscal oficial de qualquer outro cliente da base.","Um agente malicioso pode explorar essa vulnerabilidade para acessar Informes de Rendimentos e outros dados financeiros de terceiros apenas informando o CPF da vítima na requisição. Como a API não valida adequadamente a autorização do usuário para consultar o documento solicitado, informações sensíveis podem ser obtidas sem o consentimento do titular.Entre os principais impactos, destacam-se:Exposição de informações financeiras: acesso não autorizado a Informes de Rendimentos e dados fiscais pertencentes a outros clientes.Violação de privacidade: divulgação indevida de informações pessoais e financeiras de terceiros.Risco de fraude: os dados obtidos podem ser utilizados para engenharia social, fraudes financeiras ou outras atividades maliciosas.Descumprimento de requisitos regulatórios: a exposição de informações sensíveis pode resultar em não conformidade com normas de proteção de dados, como a LGPD.Impacto reputacional: incidentes envolvendo o vazamento de dados financeiros podem afetar a confiança dos clientes e a imagem da organização.","Validar corretamente se o usuário autenticado possui permissão para acessar apenas seus próprios dados e documentos.Impedir que a alteração de parâmetros da requisição, como CPF ou identificadores, permita o acesso a informações de outros clientes.Implementar verificações adicionais de segurança para o acesso a informações sensíveis, como validação de dispositivo confiável e autenticação reforçada.Utilizar identificadores não previsíveis para reduzir o risco de enumeração e acesso indevido a registros de terceiros.Monitorar e registrar tentativas de acesso indevido, bloqueando comportamentos suspeitos e consultas em massa.Aplicar o princípio do menor privilégio, garantindo que informações financeiras e fiscais sejam acessíveis apenas ao seu respectivo titular.",Extremo,Extremo,639
IDOR na Aprovação de Transações Financeiras de Outras Empresas,Alto,"A aplicação não faz a devida validação se um usuário tem permissão para visualizar informações de outros usuários. Dessa forma, um agente malicioso, ao alterar determinados parâmetros, inserindo valores que não os originais, é possível obter informações confidenciais e/ou sensíveis de outros usuários, o que por padrão, não deveriam ser obtidos.","Agentes maliciosos podem obter informações de outros usuários através de manipulações de parâmetros vulneráveis. Como consequência, vazamento de informações podem ocorrer. Em determinados casos é possível alterar valores e informações críticas de outros usuários que não o próprio, ocasionando em corrupção de dados da aplicação. Além de outras, dentre as quais:Exposição de informações confidenciais: Controle total de informações da conta de outros usuários.Alteração de dados: um agente malicioso pode ter privilégios para acessar seus dados e alterá-los.","Algumas das recomendações sugeridas são:Fazer a validação se um usuário tem a devida permissão para visualizar, editar/alterar e ou atualizar informações de outros usuários.Não permitir que a alteração de parâmetros impacte a aplicação ou retorne dados de outros usuários.Enviar informações confidenciais e/ou sensíveis em canais seguros de comunicação, o que inclui, entre vários aspectos a utilização de criptografia, tokens atuais e seguros para transmissão de informações, uso de captchas e sistemas de bloqueio etc.Não utilizar valores de objetos facilmente predizíeis, como valores puramente numéricos ou combinações frágeis. Utilizar, no lugar, um identificador de objeto que em cenários de ataques de dicionário/força bruta sejam de difícil adivinhação.",Alto,Alto,284
"Exposição de Histórico Transacional, Investimentos e de Relacionamento via IDOR (BOLA)",Alto,"Durante o período avaliado, foi observado que a aplicação web Banco Digital disponível no endereço api-digital.icarus.com.br, apresenta uma vulnerabilidade na rota /digital-bank/notification-center/v2/notifications, que permite o acesso indevido a dados financeiros de terceiros, diretamente no front-end da aplicação:A equipe iniciou a exploração no endpoint /v2/banco-digital/acesso/prelogin/validar, onde inseriu um documento CPF de terceiros no cabeçalho numerodocumento e obteve o hash interno correspondente àquela conta.A equipe materializou a extração de dados enviando uma nova requisição para a rota de notificações, preenchendo o cabeçalho client-code com o hash obtido e mantendo o token de autorização de origem intocado.O servidor retornou as notificações e os conteúdos dos boletos da vítima, demonstrando que não existem mecanismos para confrontar a identidade contida no token com o parâmetro consultado.","O cenário validado resulta na exposição massiva de dados sensíveis da base de clientes, incluindo informações de identificação pessoal (PII), valores e histórico de transações financeiras, limites de crédito, processos de renegociação de dívidas, movimentações de investimentos, histórico de compras, informações veiculares e alertas de segurança da conta. A correlação desses elementos permite a construção de um perfil financeiro e comportamental detalhado das vítimas.A vulnerabilidade afeta diretamente o pilar de confidencialidade e apresenta impacto crítico para o negócio, uma vez que possibilita o acesso indevido a informações protegidas sem a devida autenticação. Além dos riscos regulatórios relacionados à LGPD, a exposição viabiliza ataques avançados de engenharia social, fraudes financeiras, roubo de identidade, comprometimento de contas, extorsão e outras ameaças direcionadas, elevando significativamente o risco operacional e reputacional da instituição.","Ajustar os mecanismos de validação da API para que os dados retornados no endpoint de notificações sejam filtrados obrigatoriamente pelas credenciais embutidas no token ativo.Invalidar o uso do parâmetro client-code como fator de decisão para acesso a recursos, ou implementar rotinas que comparem o valor recebido com a assinatura da sessão.Ocultar o retorno de hashes identificadores de clientes em endpoints abertos ou de pré-autenticação.",Alto,Alto,639
Enumeração de Limites de Clientes via Referência Direta Insegura a Objetos (IDOR) Sem Autenticação,Alto,"Durante o período avaliado, foi observado que a aplicação web Banco Digital disponível no endereço api-digital.icarus.com.br, apresenta uma vulnerabilidade na rota /onboarding-customer/v1/approved-limit, que permite o acesso indevido a dados de limite de crédito de clientes alvos, diretamente no front-end da aplicação:A equipe iniciou a avaliação conduzindo uma requisição padrão para a rota, inserindo o documento de identificação de origem no cabeçalho document-number e registrando o retorno dos limites financeiros associados.A equipe materializou o ataque modificando a requisição, substituindo o documento original pelo registro de um cliente alvo e preservando o token de autorização da primeira etapa.O servidor não impôs restrições e retornou os valores exatos de limite de crédito, status operacional e parâmetros internos pertencentes à vítima, confirmando a falha de controle de acesso.","O comportamento identificado resulta no vazamento direto de parâmetros financeiros confidenciais que indicam a capacidade de crédito e o perfil de clientes da instituição.A exploração do cenário acarreta a exposição de dados regulados, resultando em possíveis violações de normas de privacidade e conformidade.",Ajustar as rotinas de verificação da API para rejeitar solicitações nas quais o cabeçalho de identificação não corresponda à identidade autenticada.Adotar o token de acesso como fonte única de verdade para definir a identidade do cliente em endpoints de consulta de saldo e limites operacionais.,Alto,Alto,639
Account Takeover via Falsificação de Requisição do Lado do Servidor (SSRF),Alto,"Foi identificada uma vulnerabilidade do tipo Server-Side Request Forgery (SSRF), que permite que um atacante induza o servidor a realizar requisições HTTP/HTTPS arbitrárias. Essa falha pode ser explorada para acessar recursos internos da rede, serviços protegidos ou metadados de infraestrutura, representando riscos à segurança da aplicação e do ambiente.","A exploração de SSRF pode permitir acesso não autorizado a recursos internos, exposição de dados sensíveis e movimentação lateral dentro da infraestrutura, comprometendo a segurança da aplicação e do ambiente.","Alguma das recomendações são:Validação e sanitização de entradas: Restringir e validar rigorosamente os dados fornecidos pelo usuário, especialmente URLs e domínios.Lista de permissões (allowlist): Implementar uma lista de domínios confiáveis para requisições externas.Bloqueio de IPs internos: Impedir que o servidor acesse endereços IP internos (ex: 127.0.0.1, 169.254.169.254, 10.0.0.0/8, etc.).Timeouts e limites de resposta: Configurar timeouts curtos e limitar o tamanho das respostas para evitar abusos.",Alto,Alto,918
Referência Direta Insegura a Objetos (IDOR) - Consulta de Lançamentos,Alto,"A aplicação não faz a devida validação se um usuário tem permissão para visualizar informações de outros usuários. Dessa forma, um agente malicioso, ao alterar determinados parâmetros, inserindo valores que não os originais, é possível obter informações confidenciais e/ou sensíveis de outros usuários, o que por padrão, não deveriam ser obtidos.","Agentes maliciosos podem obter informações de outros usuários através de manipulações de parâmetros vulneráveis. Como consequência, vazamento de informações podem ocorrer. Em determinados casos é possível alterar valores e informações críticas de outros usuários que não o próprio, ocasionando em corrupção de dados da aplicação. Além de outras, dentre as quais:Exposição de informações confidenciais: Controle total de informações da conta de outros usuários.Alteração de dados: um agente malicioso pode ter privilégios para acessar seus dados e alterá-los.","Algumas das recomendações sugeridas são:Fazer a validação se um usuário tem a devida permissão para visualizar, editar/alterar e ou atualizar informações de outros usuários.Não permitir que a alteração de parâmetros impacte a aplicação ou retorne dados de outros usuários.Enviar informações confidenciais e/ou sensíveis em canais seguros de comunicação, o que inclui, entre vários aspectos a utilização de criptografia, tokens atuais e seguros para transmissão de informações, uso de captchas e sistemas de bloqueio etc.Não utilizar valores de objetos facilmente predizíeis, como valores puramente numéricos ou combinações frágeis. Utilizar, no lugar, um identificador de objeto que em cenários de ataques de dicionário/força bruta sejam de difícil adivinhação.",Alto,Alto,639
Referência Direta Insegura a Objetos (IDOR) - Dados cadastrais,Alto,"A aplicação não faz a devida validação se um usuário tem permissão para visualizar informações de outros usuários. Dessa forma, um agente malicioso, ao alterar determinados parâmetros, inserindo valores que não os originais, é possível obter informações confidenciais e/ou sensíveis de outros usuários, o que por padrão, não deveriam ser obtidos.","Agentes maliciosos podem obter informações de outros usuários através de manipulações de parâmetros vulneráveis. Como consequência, vazamento de informações podem ocorrer. Em determinados casos é possível alterar valores e informações críticas de outros usuários que não o próprio, ocasionando em corrupção de dados da aplicação. Além de outras, dentre as quais:Exposição de informações confidenciais: Controle total de informações da conta de outros usuários.Alteração de dados: um agente malicioso pode ter privilégios para acessar seus dados e alterá-los.","Algumas das recomendações sugeridas são:Fazer a validação se um usuário tem a devida permissão para visualizar, editar/alterar e ou atualizar informações de outros usuários.Não permitir que a alteração de parâmetros impacte a aplicação ou retorne dados de outros usuários.Enviar informações confidenciais e/ou sensíveis em canais seguros de comunicação, o que inclui, entre vários aspectos a utilização de criptografia, tokens atuais e seguros para transmissão de informações, uso de captchas e sistemas de bloqueio etc.Não utilizar valores de objetos facilmente predizíeis, como valores puramente numéricos ou combinações frágeis. Utilizar, no lugar, um identificador de objeto que em cenários de ataques de dicionário/força bruta sejam de difícil adivinhação.",Alto,Alto,639
Falha de Rate Limiting via X-Forwarded-For,Alto,Este tipo de vulnerabilidade é frequentemente encontrada em formulários que não utilizam mecanismos de defesa contra automação de requisições enviadas para o servidor,"Sistemas que utilizam serviços de envio de email, sms ou qualquer outra ferramenta que realize a cobrança por taxa de envio esse tipo de ataque pode resultar em perda financeira para empresa e também sobrecarga dos seus serviços causando retardamento e uma possível negação de serviço causando risco de negócios.",Implementar soluções de segurança contra ferramentas automatizadas como por exemplo códigos que limitam requisições continuas em um período de tempo curto ou uso de recaptchas onde o usuário passa por um processo onde tem que selecionar figuras ou responder algum tipo de pergunta para que a requisição seja validada e enviada para o servidor dessa forma realizando o controle de requisições realizadas por ferramentas automatizadas.,Alto,Alto,799
Referência Direta Insegura a Objetos (IDOR) - /v1/cliente-legado/pessoa/{id},Alto,"A aplicação não faz a devida validação se um usuário tem permissão para visualizar informações de outros usuários. Dessa forma, um agente malicioso, ao alterar determinados parâmetros, inserindo valores que não os originais, é possível obter informações confidenciais e/ou sensíveis de outros usuários, o que por padrão, não deveriam ser obtidos.","Agentes maliciosos podem obter informações de outros usuários através de manipulações de parâmetros vulneráveis. Como consequência, vazamento de informações podem ocorrer. Em determinados casos é possível alterar valores e informações críticas de outros usuários que não o próprio, ocasionando em corrupção de dados da aplicação. Além de outras, dentre as quais:Exposição de informações confidenciais: Controle total de informações da conta de outros usuários.Alteração de dados: um agente malicioso pode ter privilégios para acessar seus dados e alterá-los.","Algumas das recomendações sugeridas são:Fazer a validação se um usuário tem a devida permissão para visualizar, editar/alterar e ou atualizar informações de outros usuários.Não permitir que a alteração de parâmetros impacte a aplicação ou retorne dados de outros usuários.Enviar informações confidenciais e/ou sensíveis em canais seguros de comunicação, o que inclui, entre vários aspectos a utilização de criptografia, tokens atuais e seguros para transmissão de informações, uso de captchas e sistemas de bloqueio etc.Não utilizar valores de objetos facilmente predizíeis, como valores puramente numéricos ou combinações frágeis. Utilizar, no lugar, um identificador de objeto que em cenários de ataques de dicionário/força bruta sejam de difícil adivinhação.",Alto,Alto,639
Referência Direta Insegura a Objetos (IDOR) /v1/cliente-legado/pessoa/consultarPCbrPorCpfCnpj,Alto,"A aplicação não faz a devida validação se um usuário tem permissão para visualizar informações de outros usuários. Dessa forma, um agente malicioso, ao alterar determinados parâmetros, inserindo valores que não os originais, é possível obter informações confidenciais e/ou sensíveis de outros usuários, o que por padrão, não deveriam ser obtidos.","Agentes maliciosos podem obter informações de outros usuários através de manipulações de parâmetros vulneráveis. Como consequência, vazamento de informações podem ocorrer. Em determinados casos é possível alterar valores e informações críticas de outros usuários que não o próprio, ocasionando em corrupção de dados da aplicação. Além de outras, dentre as quais:Exposição de informações confidenciais: Controle total de informações da conta de outros usuários.Alteração de dados: um agente malicioso pode ter privilégios para acessar seus dados e alterá-los.","Algumas das recomendações sugeridas são:Fazer a validação se um usuário tem a devida permissão para visualizar, editar/alterar e ou atualizar informações de outros usuários.Não permitir que a alteração de parâmetros impacte a aplicação ou retorne dados de outros usuários.Enviar informações confidenciais e/ou sensíveis em canais seguros de comunicação, o que inclui, entre vários aspectos a utilização de criptografia, tokens atuais e seguros para transmissão de informações, uso de captchas e sistemas de bloqueio etc.Não utilizar valores de objetos facilmente predizíeis, como valores puramente numéricos ou combinações frágeis. Utilizar, no lugar, um identificador de objeto que em cenários de ataques de dicionário/força bruta sejam de difícil adivinhação.",Alto,Alto,639
